BEGIN_DATE,END_DATE,NUM_NODES,ATTACK_RATIO,ATTACK_START_TIME,ATTACK_DURATION,ATTACK_PARAMETER,NODE,LAT,LNG,TIME,TIME_FEATURE,ACTIVE,PACKET,ATTACKED,PACKET_109,NODE_109,PACKET_110,NODE_110,PACKET_114,NODE_114,PACKET_131,NODE_131,PACKET_133,NODE_133,PACKET_176,NODE_176,PACKET_209,NODE_209,PACKET_248,NODE_248,PACKET_233,NODE_233,PACKET_170,NODE_170
2023-12-05,2023-12-05,10,1,2023-12-05 22:16:48.486729,0:20:00,8,248,50.46388319,35.37576942,2023-12-05 22:15:52.859109,0,0,1,0,3,0,1,0,6,0,7,0,76,0,1,0,1,0,1,1,75,0,76,0
2023-12-05,2023-12-05,10,1,2023-12-05 22:16:48.486729,0:20:00,8,248,50.46388319,35.37576942,2023-12-05 22:15:57.859109,0,0,21,0,39,0,21,0,21,0,21,0,99,0,21,0,21,0,21,1,101,0,100,0
2023-12-05,2023-12-05,10,1,2023-12-05 22:16:48.486729,0:20:00,8,248,50.46388319,35.37576942,2023-12-05 22:16:02.859109,0,0,55,0,83,0,55,0,58,0,83,0,132,0,55,0,55,0,55,1,132,0,131,0
2023-12-05,2023-12-05,10,1,2023-12-05 22:16:48.486729,0:20:00,8,248,50.46388319,35.37576942,2023-12-05 22:16:07.859109,0,0,19,0,26,0,19,0,21,0,69,0,96,0,19,0,19,0,19,1,95,0,96,0
2023-12-05,2023-12-05,10,1,2023-12-05 22:16:48.486729,0:20:00,8,248,50.46388319,35.37576942,2023-12-05 22:16:12.859109,0,0,0,0,0,0,0,0,0,0,0,0,0,0,0,0,0,0,0,1,0,0,0,0
2023-12-05,2023-12-05,10,1,2023-12-05 22:16:48.486729,0:20:00,8,248,50.46388319,35.37576942,2023-12-05 22:16:17.859109,0,0,19,0,32,0,19,0,22,0,49,0,95,0,19,0,19,0,19,1,96,0,95,0
2023-12-05,2023-12-05,10,1,2023-12-05 22:16:48.486729,0:20:00,8,248,50.46388319,35.37576942,2023-12-05 22:16:22.859109,1,0,19,0,20,0,19,0,21,0,53,0,96,0,19,0,19,0,19,1,96,0,98,0
2023-12-05,2023-12-05,10,1,2023-12-05 22:16:48.486729,0:20:00,8,248,50.46388319,35.37576942,2023-12-05 22:16:27.859109,1,0,19,0,20,0,19,0,22,0,52,0,96,0,22,0,19,0,19,1,95,0,99,0
2023-12-05,2023-12-05,10,1,2023-12-05 22:16:48.486729,0:20:00,8,248,50.46388319,35.37576942,2023-12-05 22:16:32.859109,1,0,39,0,23,0,23,0,42,0,36,0,101,0,23,0,23,0,39,1,102,0,100,0
2023-12-05,2023-12-05,10,1,2023-12-05 22:16:48.486729,0:20:00,8,248,50.46388319,35.37576942,2023-12-05 22:16:37.859109,1,0,25,0,26,0,29,0,27,0,43,0,102,0,41,0,25,0,25,1,101,0,120,0
2023-12-05,2023-12-05,10,1,2023-12-05 22:16:48.486729,0:20:00,8,248,50.46388319,35.37576942,2023-12-05 22:16:42.859109,1,0,23,0,23,0,19,0,26,0,25,0,117,0,23,0,23,0,23,1,118,0,101,0
2023-12-05,2023-12-05,10,1,2023-12-05 22:16:48.486729,0:20:00,8,248,50.46388319,35.37576942,2023-12-05 22:16:47.859109,1,1,23,1,23,0,39,0,25,0,39,0,102,0,23,0,39,0,23,1,102,0,102,0
2023-12-05,2023-12-05,10,1,2023-12-05 22:16:48.486729,0:20:00,8,248,50.46388319,35.37576942,2023-12-05 22:16:52.859109,2,1,336,1,353,0,335,0,339,0,375,0,303,0,336,0,338,0,336,1,311,0,310,0
2023-12-05,2023-12-05,10,1,2023-12-05 22:16:48.486729,0:20:00,8,248,50.46388319,35.37576942,2023-12-05 22:16:57.859109,2,1,380,1,365,0,366,0,383,0,373,0,351,0,365,0,371,0,380,1,364,0,362,0
2023-12-05,2023-12-05,10,1,2023-12-05 22:16:48.486729,0:20:00,8,248,50.46388319,35.37576942,2023-12-05 22:17:02.859109,2,1,357,1,359,0,362,0,362,0,379,0,353,0,376,0,357,0,357,1,356,0,360,0
2023-12-05,2023-12-05,10,1,2023-12-05 22:16:48.486729,0:20:00,8,248,50.46388319,35.37576942,2023-12-05 22:17:07.859109,2,1,358,1,358,0,359,0,360,0,369,0,359,0,357,0,357,0,358,1,359,0,374,0
2023-12-05,2023-12-05,10,1,2023-12-05 22:16:48.486729,0:20:00,8,248,50.46388319,35.37576942,2023-12-05 22:17:12.859109,2,1,358,1,359,0,358,0,362,0,400,0,361,0,358,0,359,0,358,1,359,0,359,0
2023-12-05,2023-12-05,10,1,2023-12-05 22:16:48.486729,0:20:00,8,248,50.46388319,35.37576942,2023-12-05 22:17:17.859109,2,1,359,1,405,0,359,0,365,0,375,0,381,0,360,0,359,0,359,1,375,0,360,0
2023-12-05,2023-12-05,10,1,2023-12-05 22:16:48.486729,0:20:00,8,248,50.46388319,35.37576942,2023-12-05 22:17:22.859109,3,1,424,1,422,0,407,0,425,0,466,0,409,0,415,0,407,0,424,1,407,0,409,0
2023-12-05,2023-12-05,10,1,2023-12-05 22:16:48.486729,0:20:00,8,248,50.46388319,35.37576942,2023-12-05 22:17:27.859109,3,1,453,1,457,0,467,0,459,0,491,0,449,0,468,0,467,0,453,1,456,0,458,0
2023-12-05,2023-12-05,10,1,2023-12-05 22:16:48.486729,0:20:00,8,248,50.46388319,35.37576942,2023-12-05 22:17:32.859109,3,1,355,1,356,0,357,0,358,0,381,0,361,0,353,0,357,0,355,1,357,0,363,0
2023-12-05,2023-12-05,10,1,2023-12-05 22:16:48.486729,0:20:00,8,248,50.46388319,35.37576942,2023-12-05 22:17:37.859109,3,1,361,1,375,0,363,0,364,0,372,0,356,0,361,0,362,0,361,1,359,0,375,0
2023-12-05,2023-12-05,10,1,2023-12-05 22:16:48.486729,0:20:00,8,248,50.46388319,35.37576942,2023-12-05 22:17:42.859109,3,1,359,1,361,0,357,0,364,0,379,0,355,0,355,0,359,0,359,1,355,0,356,0
2023-12-05,2023-12-05,10,1,2023-12-05 22:16:48.486729,0:20:00,8,248,50.46388319,35.37576942,2023-12-05 22:17:47.859109,3,1,360,1,355,0,359,0,377,0,380,0,360,0,360,0,359,0,360,1,359,0,362,0
2023-12-05,2023-12-05,10,1,2023-12-05 22:16:48.486729,0:20:00,8,248,50.46388319,35.37576942,2023-12-05 22:17:52.859109,4,1,379,1,364,0,363,0,368,0,366,0,379,0,366,0,363,0,379,1,379,0,363,0
2023-12-05,2023-12-05,10,1,2023-12-05 22:16:48.486729,0:20:00,8,248,50.46388319,35.37576942,2023-12-05 22:17:57.859109,4,1,361,1,357,0,357,0,360,0,357,0,360,0,374,0,363,0,361,1,363,0,357,0
2023-12-05,2023-12-05,10,1,2023-12-05 22:16:48.486729,0:20:00,8,248,50.46388319,35.37576942,2023-12-05 22:18:02.859109,4,1,359,1,356,0,362,0,359,0,380,0,357,0,354,0,357,0,359,1,356,0,357,0
2023-12-05,2023-12-05,10,1,2023-12-05 22:16:48.486729,0:20:00,8,248,50.46388319,35.37576942,2023-12-05 22:18:07.859109,4,1,363,1,360,0,380,0,366,0,376,0,363,0,365,0,378,0,363,1,361,0,377,0
2023-12-05,2023-12-05,10,1,2023-12-05 22:16:48.486729,0:20:00,8,248,50.46388319,35.37576942,2023-12-05 22:18:12.859109,4,1,359,1,379,0,358,0,379,0,400,0,361,0,356,0,361,0,359,1,364,0,364,0
2023-12-05,2023-12-05,10,1,2023-12-05 22:16:48.486729,0:20:00,8,248,50.46388319,35.37576942,2023-12-05 22:18:17.859109,4,1,373,1,389,0,358,0,360,0,381,0,360,0,357,0,359,0,373,1,359,0,362,0
2023-12-05,2023-12-05,10,1,2023-12-05 22:16:48.486729,0:20:00,8,248,50.46388319,35.37576942,2023-12-05 22:18:22.859109,5,1,363,1,398,0,363,0,367,0,414,0,362,0,379,0,365,0,363,1,361,0,364,0
2023-12-05,2023-12-05,10,1,2023-12-05 22:16:48.486729,0:20:00,8,248,50.46388319,35.37576942,2023-12-05 22:18:27.859109,5,1,361,1,384,0,361,0,368,0,421,0,376,0,362,0,362,0,361,1,375,0,362,0
2023-12-05,2023-12-05,10,1,2023-12-05 22:16:48.486729,0:20:00,8,248,50.46388319,35.37576942,2023-12-05 22:18:32.859109,5,1,357,1,367,0,354,0,361,0,382,0,355,0,358,0,356,0,357,1,355,0,361,0
2023-12-05,2023-12-05,10,1,2023-12-05 22:16:48.486729,0:20:00,8,248,50.46388319,35.37576942,2023-12-05 22:18:37.859109,5,1,361,1,395,0,361,0,380,0,390,0,363,0,362,0,362,0,361,1,362,0,374,0
2023-12-05,2023-12-05,10,1,2023-12-05 22:16:48.486729,0:20:00,8,248,50.46388319,35.37576942,2023-12-05 22:18:42.859109,5,1,356,1,353,0,354,0,357,0,364,0,356,0,356,0,355,0,356,1,358,0,360,0
2023-12-05,2023-12-05,10,1,2023-12-05 22:16:48.486729,0:20:00,8,248,50.46388319,35.37576942,2023-12-05 22:18:47.859109,5,1,381,1,383,0,385,0,366,0,366,0,365,0,386,0,382,0,381,1,365,0,367,0
2023-12-05,2023-12-05,10,1,2023-12-05 22:16:48.486729,0:20:00,8,248,50.46388319,35.37576942,2023-12-05 22:18:52.859109,6,1,356,1,360,0,357,0,358,0,392,0,353,0,357,0,359,0,356,1,359,0,356,0
2023-12-05,2023-12-05,10,1,2023-12-05 22:16:48.486729,0:20:00,8,248,50.46388319,35.37576942,2023-12-05 22:18:57.859109,6,1,360,1,358,0,358,0,360,0,377,0,353,0,358,0,363,0,360,1,365,0,362,0
2023-12-05,2023-12-05,10,1,2023-12-05 22:16:48.486729,0:20:00,8,248,50.46388319,35.37576942,2023-12-05 22:19:02.859109,6,1,367,1,365,0,373,0,383,0,368,0,378,0,367,0,367,0,367,1,381,0,365,0
2023-12-05,2023-12-05,10,1,2023-12-05 22:16:48.486729,0:20:00,8,248,50.46388319,35.37576942,2023-12-05 22:19:07.859109,6,1,359,1,359,0,359,0,363,0,362,0,361,0,362,0,359,0,359,1,360,0,375,0
2023-12-05,2023-12-05,10,1,2023-12-05 22:16:48.486729,0:20:00,8,248,50.46388319,35.37576942,2023-12-05 22:19:12.859109,6,1,374,1,358,0,357,0,357,0,379,0,357,0,356,0,358,0,374,1,359,0,357,0
2023-12-05,2023-12-05,10,1,2023-12-05 22:16:48.486729,0:20:00,8,248,50.46388319,35.37576942,2023-12-05 22:19:17.859109,6,1,358,1,357,0,357,0,360,0,424,0,358,0,372,0,357,0,358,1,355,0,358,0
2023-12-05,2023-12-05,10,1,2023-12-05 22:16:48.486729,0:20:00,8,248,50.46388319,35.37576942,2023-12-05 22:19:22.859109,7,1,359,1,379,0,359,0,368,0,398,0,357,0,359,0,358,0,359,1,359,0,357,0
2023-12-05,2023-12-05,10,1,2023-12-05 22:16:48.486729,0:20:00,8,248,50.46388319,35.37576942,2023-12-05 22:19:27.859109,7,1,361,1,361,0,377,0,379,0,391,0,363,0,361,0,380,0,361,1,362,0,367,0
2023-12-05,2023-12-05,10,1,2023-12-05 22:16:48.486729,0:20:00,8,248,50.46388319,35.37576942,2023-12-05 22:19:32.859109,7,1,357,1,357,0,357,0,361,0,387,0,357,0,358,0,357,0,357,1,360,0,362,0
2023-12-05,2023-12-05,10,1,2023-12-05 22:16:48.486729,0:20:00,8,248,50.46388319,35.37576942,2023-12-05 22:19:37.859109,7,1,382,1,373,0,366,0,372,0,365,0,381,0,371,0,365,0,382,1,368,0,381,0
2023-12-05,2023-12-05,10,1,2023-12-05 22:16:48.486729,0:20:00,8,248,50.46388319,35.37576942,2023-12-05 22:19:42.859109,7,1,358,1,380,0,357,0,362,0,361,0,360,0,377,0,358,0,358,1,361,0,360,0
2023-12-05,2023-12-05,10,1,2023-12-05 22:16:48.486729,0:20:00,8,248,50.46388319,35.37576942,2023-12-05 22:19:47.859109,7,1,360,1,358,0,357,0,368,0,378,0,357,0,354,0,360,0,360,1,370,0,359,0
2023-12-05,2023-12-05,10,1,2023-12-05 22:16:48.486729,0:20:00,8,248,50.46388319,35.37576942,2023-12-05 22:19:52.859109,8,1,358,1,363,0,361,0,361,0,394,0,356,0,357,0,361,0,358,1,359,0,358,0
2023-12-05,2023-12-05,10,1,2023-12-05 22:16:48.486729,0:20:00,8,248,50.46388319,35.37576942,2023-12-05 22:19:57.859109,8,1,368,1,435,0,363,0,380,0,404,0,363,0,364,0,369,0,368,1,369,0,363,0
2023-12-05,2023-12-05,10,1,2023-12-05 22:16:48.486729,0:20:00,8,248,50.46388319,35.37576942,2023-12-05 22:20:02.859109,8,1,359,1,380,0,359,0,359,0,368,0,356,0,356,0,355,0,359,1,351,0,358,0
2023-12-05,2023-12-05,10,1,2023-12-05 22:16:48.486729,0:20:00,8,248,50.46388319,35.37576942,2023-12-05 22:20:07.859109,8,1,378,1,377,0,366,0,367,0,379,0,367,0,362,0,382,0,378,1,366,0,380,0
2023-12-05,2023-12-05,10,1,2023-12-05 22:16:48.486729,0:20:00,8,248,50.46388319,35.37576942,2023-12-05 22:20:12.859109,8,1,364,1,362,0,379,0,366,0,422,0,379,0,377,0,363,0,364,1,362,0,363,0
2023-12-05,2023-12-05,10,1,2023-12-05 22:16:48.486729,0:20:00,8,248,50.46388319,35.37576942,2023-12-05 22:20:17.859109,8,1,359,1,377,0,358,0,361,0,386,0,355,0,356,0,358,0,359,1,355,0,356,0
2023-12-05,2023-12-05,10,1,2023-12-05 22:16:48.486729,0:20:00,8,248,50.46388319,35.37576942,2023-12-05 22:20:22.859109,9,1,359,1,382,0,355,0,361,0,398,0,360,0,355,0,354,0,359,1,359,0,360,0
2023-12-05,2023-12-05,10,1,2023-12-05 22:16:48.486729,0:20:00,8,248,50.46388319,35.37576942,2023-12-05 22:20:27.859109,9,1,356,1,370,0,357,0,376,0,361,0,359,0,357,0,362,0,356,1,360,0,365,0
2023-12-05,2023-12-05,10,1,2023-12-05 22:16:48.486729,0:20:00,8,248,50.46388319,35.37576942,2023-12-05 22:20:32.859109,9,1,379,1,382,0,363,0,369,0,385,0,364,0,363,0,362,0,379,1,380,0,370,0
2023-12-05,2023-12-05,10,1,2023-12-05 22:16:48.486729,0:20:00,8,248,50.46388319,35.37576942,2023-12-05 22:20:37.859109,9,1,367,1,367,0,364,0,367,0,396,0,364,0,381,0,365,0,367,1,361,0,377,0
2023-12-05,2023-12-05,10,1,2023-12-05 22:16:48.486729,0:20:00,8,248,50.46388319,35.37576942,2023-12-05 22:20:42.859109,9,1,362,1,360,0,356,0,360,0,386,0,359,0,360,0,356,0,362,1,361,0,360,0
2023-12-05,2023-12-05,10,1,2023-12-05 22:16:48.486729,0:20:00,8,248,50.46388319,35.37576942,2023-12-05 22:20:47.859109,9,1,359,1,359,0,362,0,363,0,383,0,374,0,365,0,377,0,359,1,359,0,361,0
2023-12-05,2023-12-05,10,1,2023-12-05 22:16:48.486729,0:20:00,8,248,50.46388319,35.37576942,2023-12-05 22:20:52.859109,10,1,361,1,386,0,359,0,365,0,377,0,352,0,360,0,361,0,361,1,361,0,361,0
2023-12-05,2023-12-05,10,1,2023-12-05 22:16:48.486729,0:20:00,8,248,50.46388319,35.37576942,2023-12-05 22:20:57.859109,10,1,359,1,370,0,374,0,377,0,358,0,354,0,362,0,365,0,359,1,364,0,360,0
2023-12-05,2023-12-05,10,1,2023-12-05 22:16:48.486729,0:20:00,8,248,50.46388319,35.37576942,2023-12-05 22:21:02.859109,10,1,377,1,386,0,364,0,360,0,366,0,356,0,376,0,362,0,377,1,360,0,359,0
2023-12-05,2023-12-05,10,1,2023-12-05 22:16:48.486729,0:20:00,8,248,50.46388319,35.37576942,2023-12-05 22:21:07.859109,10,1,360,1,384,0,358,0,366,0,409,0,362,0,359,0,359,0,360,1,360,0,376,0
2023-12-05,2023-12-05,10,1,2023-12-05 22:16:48.486729,0:20:00,8,248,50.46388319,35.37576942,2023-12-05 22:21:12.859109,10,1,356,1,372,0,355,0,364,0,381,0,355,0,354,0,358,0,356,1,355,0,355,0
2023-12-05,2023-12-05,10,1,2023-12-05 22:16:48.486729,0:20:00,8,248,50.46388319,35.37576942,2023-12-05 22:21:17.859109,10,1,360,1,380,0,360,0,359,0,412,0,364,0,362,0,377,0,360,1,384,0,367,0
2023-12-05,2023-12-05,10,1,2023-12-05 22:16:48.486729,0:20:00,8,248,50.46388319,35.37576942,2023-12-05 22:21:22.859109,11,1,356,1,363,0,353,0,358,0,376,0,357,0,354,0,356,0,356,1,354,0,355,0
2023-12-05,2023-12-05,10,1,2023-12-05 22:16:48.486729,0:20:00,8,248,50.46388319,35.37576942,2023-12-05 22:21:27.859109,11,1,361,1,361,0,366,0,384,0,396,0,358,0,362,0,362,0,361,1,357,0,361,0
2023-12-05,2023-12-05,10,1,2023-12-05 22:16:48.486729,0:20:00,8,248,50.46388319,35.37576942,2023-12-05 22:21:32.859109,11,1,358,1,380,0,359,0,362,0,370,0,372,0,358,0,359,0,358,1,360,0,363,0
2023-12-05,2023-12-05,10,1,2023-12-05 22:16:48.486729,0:20:00,8,248,50.46388319,35.37576942,2023-12-05 22:21:37.859109,11,1,381,1,372,0,359,0,360,0,417,0,357,0,359,0,358,0,381,1,357,0,358,0
2023-12-05,2023-12-05,10,1,2023-12-05 22:16:48.486729,0:20:00,8,248,50.46388319,35.37576942,2023-12-05 22:21:42.859109,11,1,362,1,379,0,378,0,366,0,390,0,362,0,379,0,364,0,362,1,362,0,364,0
2023-12-05,2023-12-05,10,1,2023-12-05 22:16:48.486729,0:20:00,8,248,50.46388319,35.37576942,2023-12-05 22:21:47.859109,11,1,359,1,358,0,359,0,361,0,385,0,358,0,360,0,376,0,359,1,358,0,362,0
2023-12-05,2023-12-05,10,1,2023-12-05 22:16:48.486729,0:20:00,8,248,50.46388319,35.37576942,2023-12-05 22:21:52.859109,12,1,358,1,358,0,357,0,362,0,381,0,360,0,357,0,360,0,358,1,362,0,362,0
2023-12-05,2023-12-05,10,1,2023-12-05 22:16:48.486729,0:20:00,8,248,50.46388319,35.37576942,2023-12-05 22:21:57.859109,12,1,366,1,359,0,360,0,378,0,362,0,359,0,359,0,366,0,366,1,365,0,375,0
2023-12-05,2023-12-05,10,1,2023-12-05 22:16:48.486729,0:20:00,8,248,50.46388319,35.37576942,2023-12-05 22:22:02.859109,12,1,362,1,361,0,364,0,365,0,359,0,357,0,359,0,360,0,362,1,374,0,357,0
2023-12-05,2023-12-05,10,1,2023-12-05 22:16:48.486729,0:20:00,8,248,50.46388319,35.37576942,2023-12-05 22:22:07.859109,12,1,355,1,355,0,355,0,358,0,357,0,357,0,356,0,357,0,355,1,355,0,356,0
2023-12-05,2023-12-05,10,1,2023-12-05 22:16:48.486729,0:20:00,8,248,50.46388319,35.37576942,2023-12-05 22:22:12.859109,12,1,375,1,358,0,361,0,362,0,384,0,360,0,360,0,357,0,375,1,362,0,363,0
2023-12-05,2023-12-05,10,1,2023-12-05 22:16:48.486729,0:20:00,8,248,50.46388319,35.37576942,2023-12-05 22:22:17.859109,12,1,361,1,383,0,359,0,367,0,439,0,375,0,363,0,365,0,361,1,362,0,360,0
2023-12-05,2023-12-05,10,1,2023-12-05 22:16:48.486729,0:20:00,8,248,50.46388319,35.37576942,2023-12-05 22:22:22.859109,13,1,362,1,403,0,362,0,363,0,390,0,362,0,375,0,377,0,362,1,361,0,360,0
2023-12-05,2023-12-05,10,1,2023-12-05 22:16:48.486729,0:20:00,8,248,50.46388319,35.37576942,2023-12-05 22:22:27.859109,13,1,364,1,368,0,379,0,387,0,395,0,362,0,363,0,363,0,364,1,362,0,367,0
2023-12-05,2023-12-05,10,1,2023-12-05 22:16:48.486729,0:20:00,8,248,50.46388319,35.37576942,2023-12-05 22:22:32.859109,13,1,355,1,357,0,354,0,358,0,381,0,356,0,355,0,356,0,355,1,357,0,365,0
2023-12-05,2023-12-05,10,1,2023-12-05 22:16:48.486729,0:20:00,8,248,50.46388319,35.37576942,2023-12-05 22:22:37.859109,13,1,354,1,367,0,355,0,358,0,391,0,358,0,357,0,356,0,354,1,355,0,362,0
2023-12-05,2023-12-05,10,1,2023-12-05 22:16:48.486729,0:20:00,8,248,50.46388319,35.37576942,2023-12-05 22:22:42.859109,13,1,361,1,385,0,361,0,365,0,390,0,359,0,366,0,362,0,361,1,360,0,360,0
2023-12-05,2023-12-05,10,1,2023-12-05 22:16:48.486729,0:20:00,8,248,50.46388319,35.37576942,2023-12-05 22:22:47.859109,13,1,359,1,357,0,358,0,359,0,386,0,357,0,361,0,357,0,359,1,374,0,358,0
2023-12-05,2023-12-05,10,1,2023-12-05 22:16:48.486729,0:20:00,8,248,50.46388319,35.37576942,2023-12-05 22:22:52.859109,14,1,377,1,361,0,361,0,365,0,372,0,362,0,362,0,363,0,377,1,363,0,378,0
2023-12-05,2023-12-05,10,1,2023-12-05 22:16:48.486729,0:20:00,8,248,50.46388319,35.37576942,2023-12-05 22:22:57.859109,14,1,361,1,363,0,362,0,380,0,360,0,354,0,360,0,383,0,361,1,367,0,361,0
2023-12-05,2023-12-05,10,1,2023-12-05 22:16:48.486729,0:20:00,8,248,50.46388319,35.37576942,2023-12-05 22:23:02.859109,14,1,367,1,382,0,369,0,367,0,407,0,391,0,384,0,365,0,367,1,366,0,366,0
2023-12-05,2023-12-05,10,1,2023-12-05 22:16:48.486729,0:20:00,8,248,50.46388319,35.37576942,2023-12-05 22:23:07.859109,14,1,356,1,358,0,358,0,363,0,413,0,359,0,357,0,357,0,356,1,359,0,360,0
2023-12-05,2023-12-05,10,1,2023-12-05 22:16:48.486729,0:20:00,8,248,50.46388319,35.37576942,2023-12-05 22:23:12.859109,14,1,361,1,360,0,374,0,360,0,389,0,358,0,363,0,360,0,361,1,357,0,357,0
2023-12-05,2023-12-05,10,1,2023-12-05 22:16:48.486729,0:20:00,8,248,50.46388319,35.37576942,2023-12-05 22:23:17.859109,14,1,354,1,355,0,358,0,361,0,370,0,356,0,360,0,359,0,354,1,356,0,359,0
2023-12-05,2023-12-05,10,1,2023-12-05 22:16:48.486729,0:20:00,8,248,50.46388319,35.37576942,2023-12-05 22:23:22.859109,15,1,357,1,360,0,355,0,360,0,380,0,357,0,354,0,357,0,357,1,355,0,358,0
2023-12-05,2023-12-05,10,1,2023-12-05 22:16:48.486729,0:20:00,8,248,50.46388319,35.37576942,2023-12-05 22:23:27.859109,15,1,380,1,363,0,360,0,384,0,373,0,364,0,366,0,379,0,380,1,362,0,368,0
2023-12-05,2023-12-05,10,1,2023-12-05 22:16:48.486729,0:20:00,8,248,50.46388319,35.37576942,2023-12-05 22:23:32.859109,15,1,360,1,358,0,360,0,362,0,405,0,357,0,361,0,359,0,360,1,375,0,361,0
2023-12-05,2023-12-05,10,1,2023-12-05 22:16:48.486729,0:20:00,8,248,50.46388319,35.37576942,2023-12-05 22:23:37.859109,15,1,354,1,354,0,355,0,357,0,370,0,356,0,354,0,354,0,354,1,356,0,357,0
2023-12-05,2023-12-05,10,1,2023-12-05 22:16:48.486729,0:20:00,8,248,50.46388319,35.37576942,2023-12-05 22:23:42.859109,15,1,359,1,375,0,361,0,362,0,403,0,361,0,376,0,360,0,359,1,363,0,362,0
2023-12-05,2023-12-05,10,1,2023-12-05 22:16:48.486729,0:20:00,8,248,50.46388319,35.37576942,2023-12-05 22:23:47.859109,15,1,407,1,408,0,406,0,413,0,437,0,424,0,408,0,410,0,407,1,409,0,425,0
2023-12-05,2023-12-05,10,1,2023-12-05 22:16:48.486729,0:20:00,8,248,50.46388319,35.37576942,2023-12-05 22:23:52.859109,16,1,448,1,448,0,448,0,449,0,485,0,447,0,446,0,452,0,448,1,449,0,449,0
2023-12-05,2023-12-05,10,1,2023-12-05 22:16:48.486729,0:20:00,8,248,50.46388319,35.37576942,2023-12-05 22:23:57.859109,16,1,369,1,387,0,377,0,378,0,391,0,362,0,362,0,365,0,369,1,367,0,362,0
2023-12-05,2023-12-05,10,1,2023-12-05 22:16:48.486729,0:20:00,8,248,50.46388319,35.37576942,2023-12-05 22:24:02.859109,16,1,378,1,376,0,368,0,364,0,386,0,359,0,361,0,380,0,378,1,360,0,361,0
2023-12-05,2023-12-05,10,1,2023-12-05 22:16:48.486729,0:20:00,8,248,50.46388319,35.37576942,2023-12-05 22:24:07.859109,16,1,355,1,378,0,355,0,358,0,388,0,357,0,358,0,354,0,355,1,357,0,358,0
2023-12-05,2023-12-05,10,1,2023-12-05 22:16:48.486729,0:20:00,8,248,50.46388319,35.37576942,2023-12-05 22:24:12.859109,16,1,357,1,370,0,355,0,358,0,382,0,357,0,355,0,358,0,357,1,357,0,355,0
2023-12-05,2023-12-05,10,1,2023-12-05 22:16:48.486729,0:20:00,8,248,50.46388319,35.37576942,2023-12-05 22:24:17.859109,16,1,358,1,357,0,359,0,363,0,394,0,356,0,359,0,358,0,358,1,372,0,359,0
2023-12-05,2023-12-05,10,1,2023-12-05 22:16:48.486729,0:20:00,8,248,50.46388319,35.37576942,2023-12-05 22:24:22.859109,17,1,360,1,394,0,362,0,363,0,365,0,362,0,376,0,363,0,360,1,361,0,359,0
2023-12-05,2023-12-05,10,1,2023-12-05 22:16:48.486729,0:20:00,8,248,50.46388319,35.37576942,2023-12-05 22:24:27.859109,17,1,358,1,369,0,358,0,382,0,375,0,358,0,359,0,361,0,358,1,359,0,366,0
2023-12-05,2023-12-05,10,1,2023-12-05 22:16:48.486729,0:20:00,8,248,50.46388319,35.37576942,2023-12-05 22:24:32.859109,17,1,359,1,358,0,358,0,360,0,358,0,379,0,358,0,359,0,359,1,360,0,363,0
2023-12-05,2023-12-05,10,1,2023-12-05 22:16:48.486729,0:20:00,8,248,50.46388319,35.37576942,2023-12-05 22:24:37.859109,17,1,379,1,365,0,367,0,364,0,387,0,362,0,363,0,377,0,379,1,363,0,364,0
2023-12-05,2023-12-05,10,1,2023-12-05 22:16:48.486729,0:20:00,8,248,50.46388319,35.37576942,2023-12-05 22:24:42.859109,17,1,364,1,364,0,377,0,368,0,394,0,362,0,369,0,364,0,364,1,364,0,380,0
2023-12-05,2023-12-05,10,1,2023-12-05 22:16:48.486729,0:20:00,8,248,50.46388319,35.37576942,2023-12-05 22:24:47.859109,17,1,359,1,388,0,359,0,364,0,374,0,361,0,365,0,357,0,359,1,376,0,360,0
2023-12-05,2023-12-05,10,1,2023-12-05 22:16:48.486729,0:20:00,8,248,50.46388319,35.37576942,2023-12-05 22:24:52.859109,18,1,360,1,394,0,360,0,367,0,376,0,353,0,361,0,364,0,360,1,361,0,359,0
2023-12-05,2023-12-05,10,1,2023-12-05 22:16:48.486729,0:20:00,8,248,50.46388319,35.37576942,2023-12-05 22:24:57.859109,18,1,356,1,378,0,356,0,363,0,355,0,350,0,356,0,360,0,356,1,363,0,357,0
2023-12-05,2023-12-05,10,1,2023-12-05 22:16:48.486729,0:20:00,8,248,50.46388319,35.37576942,2023-12-05 22:25:02.859109,18,1,362,1,378,0,367,0,376,0,407,0,363,0,377,0,361,0,362,1,361,0,362,0
2023-12-05,2023-12-05,10,1,2023-12-05 22:16:48.486729,0:20:00,8,248,50.46388319,35.37576942,2023-12-05 22:25:07.859109,18,1,363,1,375,0,380,0,365,0,429,0,362,0,362,0,362,0,363,1,360,0,361,0
2023-12-05,2023-12-05,10,1,2023-12-05 22:16:48.486729,0:20:00,8,248,50.46388319,35.37576942,2023-12-05 22:25:12.859109,18,1,361,1,378,0,362,0,361,0,371,0,360,0,364,0,376,0,361,1,361,0,363,0
2023-12-05,2023-12-05,10,1,2023-12-05 22:16:48.486729,0:20:00,8,248,50.46388319,35.37576942,2023-12-05 22:25:17.859109,18,1,380,1,393,0,366,0,368,0,414,0,379,0,365,0,363,0,380,1,381,0,367,0
2023-12-05,2023-12-05,10,1,2023-12-05 22:16:48.486729,0:20:00,8,248,50.46388319,35.37576942,2023-12-05 22:25:22.859109,19,1,355,1,366,0,355,0,360,0,379,0,357,0,355,0,357,0,355,1,358,0,361,0
2023-12-05,2023-12-05,10,1,2023-12-05 22:16:48.486729,0:20:00,8,248,50.46388319,35.37576942,2023-12-05 22:25:27.859109,19,1,358,1,356,0,359,0,365,0,369,0,357,0,358,0,358,0,358,1,357,0,363,0
2023-12-05,2023-12-05,10,1,2023-12-05 22:16:48.486729,0:20:00,8,248,50.46388319,35.37576942,2023-12-05 22:25:32.859109,19,1,360,1,360,0,374,0,361,0,363,0,358,0,359,0,360,0,360,1,360,0,358,0
2023-12-05,2023-12-05,10,1,2023-12-05 22:16:48.486729,0:20:00,8,248,50.46388319,35.37576942,2023-12-05 22:25:37.859109,19,1,362,1,359,0,359,0,380,0,387,0,361,0,359,0,359,0,362,1,360,0,378,0
2023-12-05,2023-12-05,10,1,2023-12-05 22:16:48.486729,0:20:00,8,248,50.46388319,35.37576942,2023-12-05 22:25:42.859109,19,1,364,1,380,0,366,0,365,0,384,0,361,0,380,0,364,0,364,1,361,0,360,0
2023-12-05,2023-12-05,10,1,2023-12-05 22:16:48.486729,0:20:00,8,248,50.46388319,35.37576942,2023-12-05 22:25:47.859109,19,1,358,1,357,0,357,0,361,0,390,0,360,0,360,0,358,0,358,1,375,0,361,0
2023-12-05,2023-12-05,10,1,2023-12-05 22:16:48.486729,0:20:00,8,248,50.46388319,35.37576942,2023-12-05 22:25:52.859109,20,1,373,1,358,0,358,0,360,0,403,0,357,0,359,0,358,0,373,1,363,0,358,0
2023-12-05,2023-12-05,10,1,2023-12-05 22:16:48.486729,0:20:00,8,248,50.46388319,35.37576942,2023-12-05 22:25:57.859109,20,1,366,1,363,0,376,0,365,0,366,0,359,0,362,0,365,0,366,1,362,0,359,0
2023-12-05,2023-12-05,10,1,2023-12-05 22:16:48.486729,0:20:00,8,248,50.46388319,35.37576942,2023-12-05 22:26:02.859109,20,1,362,1,366,0,368,0,365,0,360,0,376,0,360,0,377,0,362,1,363,0,364,0
2023-12-05,2023-12-05,10,1,2023-12-05 22:16:48.486729,0:20:00,8,248,50.46388319,35.37576942,2023-12-05 22:26:07.859109,20,1,358,1,375,0,360,0,362,0,373,0,355,0,358,0,357,0,358,1,355,0,356,0
2023-12-05,2023-12-05,10,1,2023-12-05 22:16:48.486729,0:20:00,8,248,50.46388319,35.37576942,2023-12-05 22:26:12.859109,20,1,357,1,385,0,352,0,377,0,359,0,359,0,357,0,359,0,357,1,360,0,361,0
2023-12-05,2023-12-05,10,1,2023-12-05 22:16:48.486729,0:20:00,8,248,50.46388319,35.37576942,2023-12-05 22:26:17.859109,20,1,358,1,393,0,357,0,357,0,378,0,357,0,357,0,359,0,358,1,357,0,358,0
2023-12-05,2023-12-05,10,1,2023-12-05 22:16:48.486729,0:20:00,8,248,50.46388319,35.37576942,2023-12-05 22:26:22.859109,21,1,368,1,408,0,380,0,368,0,381,0,363,0,381,0,367,0,368,1,378,0,364,0
2023-12-05,2023-12-05,10,1,2023-12-05 22:16:48.486729,0:20:00,8,248,50.46388319,35.37576942,2023-12-05 22:26:27.859109,21,1,355,1,359,0,360,0,366,0,398,0,358,0,356,0,354,0,355,1,356,0,362,0
2023-12-05,2023-12-05,10,1,2023-12-05 22:16:48.486729,0:20:00,8,248,50.46388319,35.37576942,2023-12-05 22:26:32.859109,21,1,362,1,422,0,361,0,365,0,389,0,359,0,363,0,363,0,362,1,361,0,377,0
2023-12-05,2023-12-05,10,1,2023-12-05 22:16:48.486729,0:20:00,8,248,50.46388319,35.37576942,2023-12-05 22:26:37.859109,21,1,375,1,359,0,358,0,362,0,367,0,377,0,360,0,360,0,375,1,366,0,363,0
2023-12-05,2023-12-05,10,1,2023-12-05 22:16:48.486729,0:20:00,8,248,50.46388319,35.37576942,2023-12-05 22:26:42.859109,21,1,356,1,355,0,355,0,361,0,382,0,355,0,360,0,356,0,356,1,355,0,356,0
2023-12-05,2023-12-05,10,1,2023-12-05 22:16:48.486729,0:20:00,8,248,50.46388319,35.37576942,2023-12-05 22:26:47.859109,21,1,364,1,364,0,378,0,381,0,411,0,361,0,385,0,363,0,364,1,360,0,362,0
2023-12-05,2023-12-05,10,1,2023-12-05 22:16:48.486729,0:20:00,8,248,50.46388319,35.37576942,2023-12-05 22:26:52.859109,22,1,358,1,361,0,357,0,364,0,424,0,351,0,360,0,376,0,358,1,359,0,360,0
2023-12-05,2023-12-05,10,1,2023-12-05 22:16:48.486729,0:20:00,8,248,50.46388319,35.37576942,2023-12-05 22:26:57.859109,22,1,358,1,362,0,358,0,361,0,394,0,358,0,357,0,366,0,358,1,379,0,358,0
2023-12-05,2023-12-05,10,1,2023-12-05 22:16:48.486729,0:20:00,8,248,50.46388319,35.37576942,2023-12-05 22:27:02.859109,22,1,359,1,369,0,364,0,361,0,368,0,366,0,357,0,358,0,359,1,366,0,361,0
2023-12-05,2023-12-05,10,1,2023-12-05 22:16:48.486729,0:20:00,8,248,50.46388319,35.37576942,2023-12-05 22:27:07.859109,22,1,357,1,357,0,358,0,360,0,374,0,360,0,357,0,358,0,357,1,357,0,360,0
2023-12-05,2023-12-05,10,1,2023-12-05 22:16:48.486729,0:20:00,8,248,50.46388319,35.37576942,2023-12-05 22:27:12.859109,22,1,366,1,366,0,382,0,362,0,364,0,377,0,384,0,365,0,366,1,358,0,360,0
2023-12-05,2023-12-05,10,1,2023-12-05 22:16:48.486729,0:20:00,8,248,50.46388319,35.37576942,2023-12-05 22:27:17.859109,22,1,357,1,357,0,360,0,364,0,359,0,357,0,357,0,361,0,357,1,360,0,378,0
2023-12-05,2023-12-05,10,1,2023-12-05 22:16:48.486729,0:20:00,8,248,50.46388319,35.37576942,2023-12-05 22:27:22.859109,23,1,376,1,390,0,358,0,379,0,390,0,359,0,359,0,358,0,376,1,359,0,361,0
2023-12-05,2023-12-05,10,1,2023-12-05 22:16:48.486729,0:20:00,8,248,50.46388319,35.37576942,2023-12-05 22:27:27.859109,23,1,358,1,384,0,357,0,362,0,361,0,360,0,358,0,357,0,358,1,374,0,362,0
2023-12-05,2023-12-05,10,1,2023-12-05 22:16:48.486729,0:20:00,8,248,50.46388319,35.37576942,2023-12-05 22:27:32.859109,23,1,357,1,389,0,357,0,359,0,357,0,357,0,358,0,359,0,357,1,356,0,359,0
2023-12-05,2023-12-05,10,1,2023-12-05 22:16:48.486729,0:20:00,8,248,50.46388319,35.37576942,2023-12-05 22:27:37.859109,23,1,362,1,372,0,375,0,364,0,360,0,360,0,377,0,359,0,362,1,358,0,362,0
2023-12-05,2023-12-05,10,1,2023-12-05 22:16:48.486729,0:20:00,8,248,50.46388319,35.37576942,2023-12-05 22:27:42.859109,23,1,361,1,383,0,360,0,363,0,405,0,363,0,360,0,377,0,361,1,362,0,361,0
2023-12-05,2023-12-05,10,1,2023-12-05 22:16:48.486729,0:20:00,8,248,50.46388319,35.37576942,2023-12-05 22:27:47.859109,23,1,363,1,410,0,361,0,364,0,406,0,372,0,362,0,361,0,363,1,359,0,360,0
2023-12-05,2023-12-05,10,1,2023-12-05 22:16:48.486729,0:20:00,8,248,50.46388319,35.37576942,2023-12-05 22:27:52.859109,0,1,356,1,378,0,357,0,358,0,360,0,362,0,357,0,357,0,356,1,360,0,359,0
2023-12-05,2023-12-05,10,1,2023-12-05 22:16:48.486729,0:20:00,8,248,50.46388319,35.37576942,2023-12-05 22:27:57.859109,0,1,366,1,382,0,360,0,379,0,384,0,356,0,361,0,365,0,366,1,380,0,361,0
2023-12-05,2023-12-05,10,1,2023-12-05 22:16:48.486729,0:20:00,8,248,50.46388319,35.37576942,2023-12-05 22:28:02.859109,0,1,366,1,363,0,385,0,365,0,398,0,366,0,379,0,363,0,366,1,361,0,379,0
2023-12-05,2023-12-05,10,1,2023-12-05 22:16:48.486729,0:20:00,8,248,50.46388319,35.37576942,2023-12-05 22:28:07.859109,0,1,378,1,358,0,357,0,361,0,382,0,356,0,360,0,360,0,378,1,357,0,357,0
2023-12-05,2023-12-05,10,1,2023-12-05 22:16:48.486729,0:20:00,8,248,50.46388319,35.37576942,2023-12-05 22:28:12.859109,0,1,355,1,354,0,357,0,357,0,384,0,359,0,355,0,356,0,355,1,357,0,355,0
2023-12-05,2023-12-05,10,1,2023-12-05 22:16:48.486729,0:20:00,8,248,50.46388319,35.37576942,2023-12-05 22:28:17.859109,0,1,358,1,358,0,359,0,363,0,384,0,360,0,360,0,359,0,358,1,363,0,365,0
2023-12-05,2023-12-05,10,1,2023-12-05 22:16:48.486729,0:20:00,8,248,50.46388319,35.37576942,2023-12-05 22:28:22.859109,1,1,355,1,375,0,355,0,357,0,409,0,356,0,356,0,356,0,355,1,355,0,355,0
2023-12-05,2023-12-05,10,1,2023-12-05 22:16:48.486729,0:20:00,8,248,50.46388319,35.37576942,2023-12-05 22:28:27.859109,1,1,374,1,381,0,387,0,380,0,382,0,381,0,389,0,371,0,374,1,384,0,374,0
2023-12-05,2023-12-05,10,1,2023-12-05 22:16:48.486729,0:20:00,8,248,50.46388319,35.37576942,2023-12-05 22:28:32.859109,1,1,360,1,376,0,362,0,364,0,363,0,360,0,361,0,380,0,360,1,360,0,363,0
2023-12-05,2023-12-05,10,1,2023-12-05 22:16:48.486729,0:20:00,8,248,50.46388319,35.37576942,2023-12-05 22:28:37.859109,1,1,358,1,361,0,358,0,377,0,361,0,360,0,363,0,356,0,358,1,359,0,358,0
2023-12-05,2023-12-05,10,1,2023-12-05 22:16:48.486729,0:20:00,8,248,50.46388319,35.37576942,2023-12-05 22:28:42.859109,1,1,359,1,356,0,359,0,362,0,356,0,361,0,362,0,357,0,359,1,361,0,356,0
2023-12-05,2023-12-05,10,1,2023-12-05 22:16:48.486729,0:20:00,8,248,50.46388319,35.37576942,2023-12-05 22:28:47.859109,1,1,351,1,359,0,354,0,358,0,358,0,353,0,357,0,356,0,351,1,355,0,373,0
2023-12-05,2023-12-05,10,1,2023-12-05 22:16:48.486729,0:20:00,8,248,50.46388319,35.37576942,2023-12-05 22:28:52.859109,2,1,378,1,412,0,382,0,369,0,398,0,367,0,379,0,365,0,378,1,367,0,366,0
2023-12-05,2023-12-05,10,1,2023-12-05 22:16:48.486729,0:20:00,8,248,50.46388319,35.37576942,2023-12-05 22:28:57.859109,2,1,358,1,395,0,356,0,360,0,401,0,355,0,359,0,361,0,358,1,376,0,358,0
2023-12-05,2023-12-05,10,1,2023-12-05 22:16:48.486729,0:20:00,8,248,50.46388319,35.37576942,2023-12-05 22:29:02.859109,2,1,363,1,363,0,364,0,361,0,427,0,372,0,360,0,366,0,363,1,362,0,359,0
2023-12-05,2023-12-05,10,1,2023-12-05 22:16:48.486729,0:20:00,8,248,50.46388319,35.37576942,2023-12-05 22:29:07.859109,2,1,359,1,355,0,362,0,361,0,364,0,359,0,360,0,358,0,359,1,359,0,361,0
2023-12-05,2023-12-05,10,1,2023-12-05 22:16:48.486729,0:20:00,8,248,50.46388319,35.37576942,2023-12-05 22:29:12.859109,2,1,360,1,375,0,359,0,377,0,361,0,360,0,356,0,359,0,360,1,358,0,360,0
2023-12-05,2023-12-05,10,1,2023-12-05 22:16:48.486729,0:20:00,8,248,50.46388319,35.37576942,2023-12-05 22:29:17.859109,2,1,501,1,531,0,518,0,504,0,507,0,501,0,520,0,504,0,501,1,500,0,502,0
2023-12-05,2023-12-05,10,1,2023-12-05 22:16:48.486729,0:20:00,8,248,50.46388319,35.37576942,2023-12-05 22:29:22.859109,3,1,359,1,364,0,359,0,361,0,383,0,359,0,361,0,375,0,359,1,361,0,363,0
2023-12-05,2023-12-05,10,1,2023-12-05 22:16:48.486729,0:20:00,8,248,50.46388319,35.37576942,2023-12-05 22:29:27.859109,3,1,359,1,355,0,358,0,368,0,377,0,356,0,359,0,357,0,359,1,357,0,362,0
2023-12-05,2023-12-05,10,1,2023-12-05 22:16:48.486729,0:20:00,8,248,50.46388319,35.37576942,2023-12-05 22:29:32.859109,3,1,358,1,357,0,358,0,360,0,384,0,359,0,354,0,358,0,358,1,358,0,376,0
2023-12-05,2023-12-05,10,1,2023-12-05 22:16:48.486729,0:20:00,8,248,50.46388319,35.37576942,2023-12-05 22:29:37.859109,3,1,378,1,366,0,364,0,369,0,381,0,381,0,367,0,364,0,378,1,380,0,366,0
2023-12-05,2023-12-05,10,1,2023-12-05 22:16:48.486729,0:20:00,8,248,50.46388319,35.37576942,2023-12-05 22:29:42.859109,3,1,360,1,360,0,378,0,362,0,360,0,361,0,377,0,360,0,360,1,360,0,363,0
2023-12-05,2023-12-05,10,1,2023-12-05 22:16:48.486729,0:20:00,8,248,50.46388319,35.37576942,2023-12-05 22:29:47.859109,3,1,358,1,359,0,359,0,362,0,360,0,359,0,359,0,361,0,358,1,361,0,360,0
2023-12-05,2023-12-05,10,1,2023-12-05 22:16:48.486729,0:20:00,8,248,50.46388319,35.37576942,2023-12-05 22:29:52.859109,4,1,359,1,359,0,363,0,362,0,361,0,361,0,360,0,362,0,359,1,360,0,360,0
2023-12-05,2023-12-05,10,1,2023-12-05 22:16:48.486729,0:20:00,8,248,50.46388319,35.37576942,2023-12-05 22:29:57.859109,4,1,370,1,413,0,356,0,362,0,358,0,360,0,359,0,362,0,370,1,364,0,360,0
2023-12-05,2023-12-05,10,1,2023-12-05 22:16:48.486729,0:20:00,8,248,50.46388319,35.37576942,2023-12-05 22:30:02.859109,4,1,359,1,385,0,368,0,380,0,409,0,360,0,364,0,369,0,359,1,362,0,361,0
2023-12-05,2023-12-05,10,1,2023-12-05 22:16:48.486729,0:20:00,8,248,50.46388319,35.37576942,2023-12-05 22:30:07.859109,4,1,363,1,389,0,379,0,367,0,387,0,364,0,377,0,365,0,363,1,363,0,363,0
2023-12-05,2023-12-05,10,1,2023-12-05 22:16:48.486729,0:20:00,8,248,50.46388319,35.37576942,2023-12-05 22:30:12.859109,4,1,360,1,367,0,360,0,364,0,399,0,376,0,360,0,377,0,360,1,362,0,359,0
2023-12-05,2023-12-05,10,1,2023-12-05 22:16:48.486729,0:20:00,8,248,50.46388319,35.37576942,2023-12-05 22:30:17.859109,4,1,362,1,362,0,365,0,365,0,363,0,358,0,363,0,361,0,362,1,376,0,376,0
2023-12-05,2023-12-05,10,1,2023-12-05 22:16:48.486729,0:20:00,8,248,50.46388319,35.37576942,2023-12-05 22:30:22.859109,5,1,373,1,363,0,359,0,359,0,381,0,355,0,358,0,363,0,373,1,355,0,357,0
2023-12-05,2023-12-05,10,1,2023-12-05 22:16:48.486729,0:20:00,8,248,50.46388319,35.37576942,2023-12-05 22:30:27.859109,5,1,356,1,373,0,351,0,364,0,362,0,358,0,356,0,352,0,356,1,358,0,362,0
2023-12-05,2023-12-05,10,1,2023-12-05 22:16:48.486729,0:20:00,8,248,50.46388319,35.37576942,2023-12-05 22:30:32.859109,5,1,361,1,365,0,378,0,361,0,381,0,359,0,375,0,361,0,361,1,360,0,362,0
2023-12-05,2023-12-05,10,1,2023-12-05 22:16:48.486729,0:20:00,8,248,50.46388319,35.37576942,2023-12-05 22:30:37.859109,5,1,360,1,386,0,361,0,362,0,384,0,357,0,358,0,353,0,360,1,356,0,359,0
2023-12-05,2023-12-05,10,1,2023-12-05 22:16:48.486729,0:20:00,8,248,50.46388319,35.37576942,2023-12-05 22:30:42.859109,5,1,359,1,400,0,354,0,359,0,361,0,361,0,363,0,358,0,359,1,359,0,357,0
2023-12-05,2023-12-05,10,1,2023-12-05 22:16:48.486729,0:20:00,8,248,50.46388319,35.37576942,2023-12-05 22:30:47.859109,5,1,357,1,358,0,356,0,360,0,360,0,373,0,362,0,358,0,357,1,359,0,365,0
2023-12-05,2023-12-05,10,1,2023-12-05 22:16:48.486729,0:20:00,8,248,50.46388319,35.37576942,2023-12-05 22:30:52.859109,6,1,358,1,359,0,358,0,376,0,359,0,352,0,361,0,360,0,358,1,360,0,359,0
2023-12-05,2023-12-05,10,1,2023-12-05 22:16:48.486729,0:20:00,8,248,50.46388319,35.37576942,2023-12-05 22:30:57.859109,6,1,366,1,366,0,383,0,368,0,366,0,358,0,380,0,371,0,366,1,383,0,362,0
2023-12-05,2023-12-05,10,1,2023-12-05 22:16:48.486729,0:20:00,8,248,50.46388319,35.37576942,2023-12-05 22:31:02.859109,6,1,359,1,410,0,368,0,363,0,395,0,370,0,363,0,382,0,359,1,358,0,378,0
2023-12-05,2023-12-05,10,1,2023-12-05 22:16:48.486729,0:20:00,8,248,50.46388319,35.37576942,2023-12-05 22:31:07.859109,6,1,376,1,390,0,359,0,362,0,387,0,360,0,358,0,360,0,376,1,360,0,360,0
2023-12-05,2023-12-05,10,1,2023-12-05 22:16:48.486729,0:20:00,8,248,50.46388319,35.37576942,2023-12-05 22:31:12.859109,6,1,359,1,371,0,357,0,361,0,373,0,360,0,359,0,359,0,359,1,358,0,358,0
2023-12-05,2023-12-05,10,1,2023-12-05 22:16:48.486729,0:20:00,8,248,50.46388319,35.37576942,2023-12-05 22:31:17.859109,6,1,353,1,365,0,355,0,359,0,355,0,355,0,356,0,355,0,353,1,356,0,356,0
2023-12-05,2023-12-05,10,1,2023-12-05 22:16:48.486729,0:20:00,8,248,50.46388319,35.37576942,2023-12-05 22:31:22.859109,7,1,363,1,385,0,379,0,361,0,363,0,362,0,378,0,359,0,363,1,362,0,361,0
2023-12-05,2023-12-05,10,1,2023-12-05 22:16:48.486729,0:20:00,8,248,50.46388319,35.37576942,2023-12-05 22:31:27.859109,7,1,360,1,383,0,358,0,370,0,385,0,375,0,362,0,361,0,360,1,361,0,364,0
2023-12-05,2023-12-05,10,1,2023-12-05 22:16:48.486729,0:20:00,8,248,50.46388319,35.37576942,2023-12-05 22:31:32.859109,7,1,360,1,357,0,357,0,359,0,355,0,355,0,359,0,358,0,360,1,355,0,359,0
2023-12-05,2023-12-05,10,1,2023-12-05 22:16:48.486729,0:20:00,8,248,50.46388319,35.37576942,2023-12-05 22:31:37.859109,7,1,361,1,357,0,356,0,361,0,377,0,361,0,356,0,357,0,361,1,375,0,358,0
2023-12-05,2023-12-05,10,1,2023-12-05 22:16:48.486729,0:20:00,8,248,50.46388319,35.37576942,2023-12-05 22:31:42.859109,7,1,353,1,355,0,354,0,358,0,360,0,355,0,355,0,357,0,353,1,356,0,356,0
2023-12-05,2023-12-05,10,1,2023-12-05 22:16:48.486729,0:20:00,8,248,50.46388319,35.37576942,2023-12-05 22:31:47.859109,7,1,371,1,416,0,381,0,389,0,405,0,364,0,363,0,363,0,371,1,364,0,361,0
2023-12-05,2023-12-05,10,1,2023-12-05 22:16:48.486729,0:20:00,8,248,50.46388319,35.37576942,2023-12-05 22:31:52.859109,8,1,378,1,371,0,361,0,365,0,375,0,359,0,362,0,380,0,378,1,362,0,381,0
2023-12-05,2023-12-05,10,1,2023-12-05 22:16:48.486729,0:20:00,8,248,50.46388319,35.37576942,2023-12-05 22:31:57.859109,8,1,362,1,358,0,356,0,359,0,352,0,356,0,357,0,361,0,362,1,359,0,359,0
2023-12-05,2023-12-05,10,1,2023-12-05 22:16:48.486729,0:20:00,8,248,50.46388319,35.37576942,2023-12-05 22:32:02.859109,8,1,359,1,409,0,367,0,361,0,358,0,375,0,364,0,360,0,359,1,362,0,365,0
2023-12-05,2023-12-05,10,1,2023-12-05 22:16:48.486729,0:20:00,8,248,50.46388319,35.37576942,2023-12-05 22:32:07.859109,8,1,359,1,376,0,362,0,362,0,377,0,361,0,377,0,358,0,359,1,358,0,364,0
2023-12-05,2023-12-05,10,1,2023-12-05 22:16:48.486729,0:20:00,8,248,50.46388319,35.37576942,2023-12-05 22:32:12.859109,8,1,362,1,382,0,377,0,366,0,374,0,358,0,361,0,362,0,362,1,359,0,361,0
2023-12-05,2023-12-05,10,1,2023-12-05 22:16:48.486729,0:20:00,8,248,50.46388319,35.37576942,2023-12-05 22:32:17.859109,8,1,355,1,382,0,356,0,358,0,358,0,358,0,358,0,357,0,355,1,375,0,357,0
2023-12-05,2023-12-05,10,1,2023-12-05 22:16:48.486729,0:20:00,8,248,50.46388319,35.37576942,2023-12-05 22:32:22.859109,9,1,358,1,369,0,356,0,357,0,400,0,356,0,358,0,358,0,358,1,359,0,357,0
2023-12-05,2023-12-05,10,1,2023-12-05 22:16:48.486729,0:20:00,8,248,50.46388319,35.37576942,2023-12-05 22:32:27.859109,9,1,375,1,359,0,356,0,364,0,369,0,358,0,359,0,359,0,375,1,358,0,365,0
2023-12-05,2023-12-05,10,1,2023-12-05 22:16:48.486729,0:20:00,8,248,50.46388319,35.37576942,2023-12-05 22:32:32.859109,9,1,352,1,369,0,358,0,357,0,356,0,355,0,359,0,359,0,352,1,356,0,356,0
2023-12-05,2023-12-05,10,1,2023-12-05 22:16:48.486729,0:20:00,8,248,50.46388319,35.37576942,2023-12-05 22:32:37.859109,9,1,364,1,367,0,378,0,368,0,373,0,378,0,366,0,362,0,364,1,362,0,363,0
2023-12-05,2023-12-05,10,1,2023-12-05 22:16:48.486729,0:20:00,8,248,50.46388319,35.37576942,2023-12-05 22:32:42.859109,9,1,360,1,395,0,358,0,380,0,384,0,362,0,362,0,375,0,360,1,361,0,363,0
2023-12-05,2023-12-05,10,1,2023-12-05 22:16:48.486729,0:20:00,8,248,50.46388319,35.37576942,2023-12-05 22:32:47.859109,9,1,359,1,359,0,360,0,362,0,365,0,357,0,367,0,360,0,359,1,360,0,379,0
2023-12-05,2023-12-05,10,1,2023-12-05 22:16:48.486729,0:20:00,8,248,50.46388319,35.37576942,2023-12-05 22:32:52.859109,10,1,366,1,393,0,367,0,368,0,382,0,356,0,379,0,367,0,366,1,363,0,365,0
2023-12-05,2023-12-05,10,1,2023-12-05 22:16:48.486729,0:20:00,8,248,50.46388319,35.37576942,2023-12-05 22:32:57.859109,10,1,360,1,403,0,359,0,362,0,429,0,350,0,359,0,366,0,360,1,384,0,357,0
2023-12-05,2023-12-05,10,1,2023-12-05 22:16:48.486729,0:20:00,8,248,50.46388319,35.37576942,2023-12-05 22:33:02.859109,10,1,375,1,374,0,381,0,361,0,379,0,361,0,359,0,366,0,375,1,365,0,360,0
2023-12-05,2023-12-05,10,1,2023-12-05 22:16:48.486729,0:20:00,8,248,50.46388319,35.37576942,2023-12-05 22:33:07.859109,10,1,355,1,379,0,355,0,359,0,355,0,357,0,355,0,355,0,355,1,355,0,354,0
2023-12-05,2023-12-05,10,1,2023-12-05 22:16:48.486729,0:20:00,8,248,50.46388319,35.37576942,2023-12-05 22:33:12.859109,10,1,495,1,506,0,495,0,498,0,496,0,514,0,496,0,495,0,495,1,495,0,496,0
2023-12-05,2023-12-05,10,1,2023-12-05 22:16:48.486729,0:20:00,8,248,50.46388319,35.37576942,2023-12-05 22:33:17.859109,10,1,357,1,360,0,357,0,358,0,354,0,358,0,358,0,358,0,357,1,359,0,359,0
2023-12-05,2023-12-05,10,1,2023-12-05 22:16:48.486729,0:20:00,8,248,50.46388319,35.37576942,2023-12-05 22:33:22.859109,11,1,358,1,363,0,359,0,362,0,376,0,360,0,359,0,359,0,358,1,359,0,363,0
2023-12-05,2023-12-05,10,1,2023-12-05 22:16:48.486729,0:20:00,8,248,50.46388319,35.37576942,2023-12-05 22:33:27.859109,11,1,362,1,388,0,377,0,367,0,361,0,358,0,362,0,361,0,362,1,358,0,364,0
2023-12-05,2023-12-05,10,1,2023-12-05 22:16:48.486729,0:20:00,8,248,50.46388319,35.37576942,2023-12-05 22:33:32.859109,11,1,360,1,366,0,357,0,361,0,359,0,356,0,360,0,373,0,360,1,358,0,361,0
2023-12-05,2023-12-05,10,1,2023-12-05 22:16:48.486729,0:20:00,8,248,50.46388319,35.37576942,2023-12-05 22:33:37.859109,11,1,387,1,381,0,368,0,386,0,402,0,365,0,382,0,365,0,387,1,383,0,368,0
2023-12-05,2023-12-05,10,1,2023-12-05 22:16:48.486729,0:20:00,8,248,50.46388319,35.37576942,2023-12-05 22:33:42.859109,11,1,357,1,363,0,357,0,359,0,385,0,357,0,358,0,358,0,357,1,358,0,376,0
2023-12-05,2023-12-05,10,1,2023-12-05 22:16:48.486729,0:20:00,8,248,50.46388319,35.37576942,2023-12-05 22:33:47.859109,11,1,356,1,388,0,357,0,361,0,359,0,376,0,358,0,358,0,356,1,358,0,358,0
2023-12-05,2023-12-05,10,1,2023-12-05 22:16:48.486729,0:20:00,8,248,50.46388319,35.37576942,2023-12-05 22:33:52.859109,12,1,358,1,382,0,376,0,362,0,380,0,361,0,361,0,362,0,358,1,360,0,363,0
2023-12-05,2023-12-05,10,1,2023-12-05 22:16:48.486729,0:20:00,8,248,50.46388319,35.37576942,2023-12-05 22:33:57.859109,12,1,360,1,412,0,356,0,359,0,388,0,355,0,361,0,362,0,360,1,366,0,356,0
2023-12-05,2023-12-05,10,1,2023-12-05 22:16:48.486729,0:20:00,8,248,50.46388319,35.37576942,2023-12-05 22:34:02.859109,12,1,358,1,370,0,363,0,358,0,357,0,357,0,355,0,361,0,358,1,358,0,359,0
2023-12-05,2023-12-05,10,1,2023-12-05 22:16:48.486729,0:20:00,8,248,50.46388319,35.37576942,2023-12-05 22:34:07.859109,12,1,359,1,396,0,358,0,361,0,360,0,357,0,360,0,359,0,359,1,358,0,358,0
2023-12-05,2023-12-05,10,1,2023-12-05 22:16:48.486729,0:20:00,8,248,50.46388319,35.37576942,2023-12-05 22:34:12.859109,12,1,370,1,391,0,356,0,360,0,394,0,358,0,356,0,358,0,370,1,358,0,357,0
2023-12-05,2023-12-05,10,1,2023-12-05 22:16:48.486729,0:20:00,8,248,50.46388319,35.37576942,2023-12-05 22:34:17.859109,12,1,363,1,380,0,377,0,366,0,382,0,360,0,363,0,361,0,363,1,360,0,360,0
2023-12-05,2023-12-05,10,1,2023-12-05 22:16:48.486729,0:20:00,8,248,50.46388319,35.37576942,2023-12-05 22:34:22.859109,13,1,364,1,367,0,366,0,368,0,381,0,381,0,379,0,380,0,364,1,365,0,363,0
2023-12-05,2023-12-05,10,1,2023-12-05 22:16:48.486729,0:20:00,8,248,50.46388319,35.37576942,2023-12-05 22:34:27.859109,13,1,356,1,359,0,359,0,383,0,359,0,359,0,359,0,359,0,356,1,376,0,367,0
2023-12-05,2023-12-05,10,1,2023-12-05 22:16:48.486729,0:20:00,8,248,50.46388319,35.37576942,2023-12-05 22:34:32.859109,13,1,358,1,373,0,354,0,357,0,356,0,355,0,354,0,356,0,358,1,358,0,358,0
2023-12-05,2023-12-05,10,1,2023-12-05 22:16:48.486729,0:20:00,8,248,50.46388319,35.37576942,2023-12-05 22:34:37.859109,13,1,358,1,364,0,358,0,361,0,365,0,361,0,357,0,357,0,358,1,364,0,378,0
2023-12-05,2023-12-05,10,1,2023-12-05 22:16:48.486729,0:20:00,8,248,50.46388319,35.37576942,2023-12-05 22:34:42.859109,13,1,357,1,359,0,374,0,361,0,361,0,357,0,361,0,359,0,357,1,358,0,358,0
2023-12-05,2023-12-05,10,1,2023-12-05 22:16:48.486729,0:20:00,8,248,50.46388319,35.37576942,2023-12-05 22:34:47.859109,13,1,377,1,361,0,368,0,364,0,363,0,356,0,365,0,361,0,377,1,359,0,359,0
2023-12-05,2023-12-05,10,1,2023-12-05 22:16:48.486729,0:20:00,8,248,50.46388319,35.37576942,2023-12-05 22:34:52.859109,14,1,358,1,385,0,354,0,362,0,373,0,357,0,358,0,359,0,358,1,358,0,361,0
2023-12-05,2023-12-05,10,1,2023-12-05 22:16:48.486729,0:20:00,8,248,50.46388319,35.37576942,2023-12-05 22:34:57.859109,14,1,359,1,413,0,358,0,360,0,359,0,369,0,362,0,367,0,359,1,367,0,358,0
2023-12-05,2023-12-05,10,1,2023-12-05 22:16:48.486729,0:20:00,8,248,50.46388319,35.37576942,2023-12-05 22:35:02.859109,14,1,356,1,387,0,360,0,362,0,384,0,356,0,356,0,357,0,356,1,359,0,357,0
2023-12-05,2023-12-05,10,1,2023-12-05 22:16:48.486729,0:20:00,8,248,50.46388319,35.37576942,2023-12-05 22:35:07.859109,14,1,357,1,363,0,360,0,364,0,376,0,362,0,377,0,360,0,357,1,362,0,363,0
2023-12-05,2023-12-05,10,1,2023-12-05 22:16:48.486729,0:20:00,8,248,50.46388319,35.37576942,2023-12-05 22:35:12.859109,14,1,363,1,411,0,359,0,362,0,387,0,358,0,359,0,375,0,363,1,361,0,360,0
2023-12-05,2023-12-05,10,1,2023-12-05 22:16:48.486729,0:20:00,8,248,50.46388319,35.37576942,2023-12-05 22:35:17.859109,14,1,358,1,396,0,358,0,357,0,362,0,357,0,360,0,359,0,358,1,376,0,359,0
2023-12-05,2023-12-05,10,1,2023-12-05 22:16:48.486729,0:20:00,8,248,50.46388319,35.37576942,2023-12-05 22:35:22.859109,15,1,379,1,367,0,362,0,383,0,401,0,363,0,364,0,362,0,379,1,363,0,361,0
2023-12-05,2023-12-05,10,1,2023-12-05 22:16:48.486729,0:20:00,8,248,50.46388319,35.37576942,2023-12-05 22:35:27.859109,15,1,358,1,357,0,357,0,363,0,401,0,355,0,356,0,358,0,358,1,356,0,361,0
2023-12-05,2023-12-05,10,1,2023-12-05 22:16:48.486729,0:20:00,8,248,50.46388319,35.37576942,2023-12-05 22:35:32.859109,15,1,362,1,362,0,378,0,365,0,379,0,378,0,361,0,363,0,362,1,362,0,378,0
2023-12-05,2023-12-05,10,1,2023-12-05 22:16:48.486729,0:20:00,8,248,50.46388319,35.37576942,2023-12-05 22:35:37.859109,15,1,358,1,371,0,358,0,364,0,358,0,361,0,357,0,358,0,358,1,361,0,361,0
2023-12-05,2023-12-05,10,1,2023-12-05 22:16:48.486729,0:20:00,8,248,50.46388319,35.37576942,2023-12-05 22:35:42.859109,15,1,358,1,358,0,356,0,358,0,357,0,352,0,358,0,356,0,358,1,357,0,355,0
2023-12-05,2023-12-05,10,1,2023-12-05 22:16:48.486729,0:20:00,8,248,50.46388319,35.37576942,2023-12-05 22:35:47.859109,15,1,358,1,357,0,354,0,360,0,360,0,355,0,359,0,363,0,358,1,356,0,357,0
2023-12-05,2023-12-05,10,1,2023-12-05 22:16:48.486729,0:20:00,8,248,50.46388319,35.37576942,2023-12-05 22:35:52.859109,16,1,361,1,404,0,361,0,365,0,377,0,360,0,376,0,361,0,361,1,362,0,361,0
2023-12-05,2023-12-05,10,1,2023-12-05 22:16:48.486729,0:20:00,8,248,50.46388319,35.37576942,2023-12-05 22:35:57.859109,16,1,382,1,370,0,361,0,363,0,357,0,361,0,357,0,363,0,382,1,364,0,360,0
2023-12-05,2023-12-05,10,1,2023-12-05 22:16:48.486729,0:20:00,8,248,50.46388319,35.37576942,2023-12-05 22:36:02.859109,16,1,359,1,388,0,361,0,359,0,357,0,356,0,359,0,374,0,359,1,357,0,360,0
2023-12-05,2023-12-05,10,1,2023-12-05 22:16:48.486729,0:20:00,8,248,50.46388319,35.37576942,2023-12-05 22:36:07.859109,16,1,359,1,399,0,359,0,362,0,361,0,359,0,357,0,356,0,359,1,377,0,361,0
2023-12-05,2023-12-05,10,1,2023-12-05 22:16:48.486729,0:20:00,8,248,50.46388319,35.37576942,2023-12-05 22:36:12.859109,16,1,360,1,366,0,359,0,379,0,361,0,374,0,359,0,361,0,360,1,357,0,360,0
2023-12-05,2023-12-05,10,1,2023-12-05 22:16:48.486729,0:20:00,8,248,50.46388319,35.37576942,2023-12-05 22:36:17.859109,16,1,362,1,407,0,360,0,362,0,362,0,356,0,360,0,359,0,362,1,357,0,360,0
2023-12-05,2023-12-05,10,1,2023-12-05 22:16:48.486729,0:20:00,8,248,50.46388319,35.37576942,2023-12-05 22:36:22.859109,17,1,360,1,414,0,377,0,365,0,411,0,361,0,364,0,361,0,360,1,358,0,377,0
2023-12-05,2023-12-05,10,1,2023-12-05 22:16:48.486729,0:20:00,8,248,50.46388319,35.37576942,2023-12-05 22:36:27.859109,17,1,357,1,395,0,354,0,361,0,404,0,355,0,358,0,355,0,357,1,358,0,363,0
2023-12-05,2023-12-05,10,1,2023-12-05 22:16:48.486729,0:20:00,8,248,50.46388319,35.37576942,2023-12-05 22:36:32.859109,17,1,374,1,353,0,360,0,361,0,364,0,356,0,359,0,356,0,374,1,358,0,363,0
2023-12-05,2023-12-05,10,1,2023-12-05 22:16:48.486729,0:20:00,8,248,50.46388319,35.37576942,2023-12-05 22:36:37.859109,17,1,358,1,370,0,352,0,361,0,379,0,363,0,377,0,359,0,358,1,362,0,362,0
2023-12-05,2023-12-05,10,1,2023-12-05 22:16:48.486729,0:20:00,8,248,50.46388319,35.37576942,2023-12-05 22:36:42.859109,17,1,357,1,358,0,358,0,361,0,388,0,356,0,360,0,356,0,357,1,356,0,356,0
2023-12-05,2023-12-05,10,1,2023-12-05 22:16:48.486729,0:20:00,8,248,50.46388319,35.37576942,2023-12-05 22:36:47.859109,17,0,365,0,364,0,362,0,362,0,388,0,355,0,364,0,361,0,365,1,360,0,360,0
2023-12-05,2023-12-05,10,1,2023-12-05 22:16:48.486729,0:20:00,8,248,50.46388319,35.37576942,2023-12-05 22:36:52.859109,18,0,143,0,249,0,268,0,163,0,268,0,255,0,215,0,161,0,143,1,185,0,181,0
2023-12-05,2023-12-05,10,1,2023-12-05 22:16:48.486729,0:20:00,8,248,50.46388319,35.37576942,2023-12-05 22:36:57.859109,18,0,28,0,123,0,105,0,30,0,106,0,121,0,104,0,44,0,28,1,44,0,28,0
2023-12-05,2023-12-05,10,1,2023-12-05 22:16:48.486729,0:20:00,8,248,50.46388319,35.37576942,2023-12-05 22:37:02.859109,18,1,21,0,98,0,97,0,40,0,112,0,97,0,98,0,21,0,21,1,21,0,21,0
2023-12-05,2023-12-05,10,1,2023-12-05 22:16:48.486729,0:20:00,8,248,50.46388319,35.37576942,2023-12-05 22:37:07.859109,18,0,99,0,99,0,100,0,25,0,135,0,102,0,101,0,23,0,99,1,23,0,23,0
2023-12-05,2023-12-05,10,1,2023-12-05 22:16:48.486729,0:20:00,8,248,50.46388319,35.37576942,2023-12-05 22:37:12.859109,18,0,45,0,120,0,115,0,26,0,105,0,99,0,100,0,23,0,45,1,23,0,24,0
2023-12-05,2023-12-05,10,1,2023-12-05 22:16:48.486729,0:20:00,8,248,50.46388319,35.37576942,2023-12-05 22:37:17.859109,18,0,21,0,120,0,99,0,23,0,100,0,101,0,99,0,21,0,21,1,21,0,39,0
2023-12-05,2023-12-05,10,1,2023-12-05 22:16:48.486729,0:20:00,8,248,50.46388319,35.37576942,2023-12-05 22:37:22.859109,19,0,21,0,112,0,75,0,24,0,100,0,101,0,114,0,21,0,21,1,21,0,21,0
2023-12-05,2023-12-05,10,1,2023-12-05 22:16:48.486729,0:20:00,8,248,50.46388319,35.37576942,2023-12-05 22:37:27.859109,19,0,19,0,121,0,19,0,21,0,96,0,96,0,97,0,19,0,19,1,19,0,19,0
2023-12-05,2023-12-05,10,1,2023-12-05 22:16:48.486729,0:20:00,8,248,50.46388319,35.37576942,2023-12-05 22:37:32.859109,19,0,19,0,118,0,19,0,22,0,97,0,95,0,96,0,19,0,19,1,19,0,20,0
2023-12-05,2023-12-05,10,1,2023-12-05 22:16:48.486729,0:20:00,8,248,50.46388319,35.37576942,2023-12-05 22:37:37.859109,19,0,21,0,104,0,21,0,23,0,88,0,99,0,104,0,21,0,21,1,21,0,22,0
2023-12-05,2023-12-05,10,1,2023-12-05 22:16:48.486729,0:20:00,8,248,50.46388319,35.37576942,2023-12-05 22:37:42.859109,19,0,40,0,171,0,24,0,27,0,24,0,117,0,94,0,24,0,40,1,24,0,24,0
2023-12-05,2023-12-05,10,1,2023-12-05 22:16:48.486729,0:20:00,8,248,50.46388319,35.37576942,2023-12-05 22:37:47.859109,19,0,27,0,140,0,26,0,31,0,56,0,102,0,106,0,26,0,27,1,42,0,44,0
2023-12-05,2023-12-05,10,1,2023-12-05 22:16:48.486729,0:20:00,8,248,50.46388319,35.37576942,2023-12-05 22:37:52.859109,20,0,24,0,99,0,24,0,42,0,26,0,101,0,104,0,40,0,24,1,24,0,25,0
2023-12-05,2023-12-05,10,1,2023-12-05 22:16:48.486729,0:20:00,8,248,50.46388319,35.37576942,2023-12-05 22:37:57.859109,20,0,157,0,234,0,157,0,157,0,157,0,233,0,230,0,157,0,157,1,157,0,157,0
2023-12-05,2023-12-05,10,1,2023-12-05 22:16:48.486729,0:20:00,8,248,50.46388319,35.37576942,2023-12-05 22:38:02.859109,20,0,21,0,97,0,37,0,24,0,21,0,101,0,98,0,21,0,21,1,21,0,21,0
2023-12-05,2023-12-05,10,1,2023-12-05 22:16:48.486729,0:20:00,8,248,50.46388319,35.37576942,2023-12-05 22:38:07.859109,20,0,21,0,99,0,21,0,23,0,21,0,101,0,113,0,21,0,21,1,21,0,21,0
2023-12-05,2023-12-05,10,1,2023-12-05 22:16:48.486729,0:20:00,8,248,50.46388319,35.37576942,2023-12-05 22:38:12.859109,20,0,20,0,98,0,21,0,24,0,20,0,97,0,98,0,20,0,20,1,20,0,20,0
2023-12-05,2023-12-05,10,1,2023-12-05 22:16:48.486729,0:20:00,8,248,50.46388319,35.37576942,2023-12-05 22:38:17.859109,20,1,39,0,102,0,22,0,24,0,87,0,99,0,102,0,23,0,39,1,23,0,39,0
2023-12-05,2023-12-05,10,1,2023-12-05 22:16:48.486729,0:20:00,8,248,50.46388319,35.37576942,2023-12-05 22:38:22.859109,21,1,83,0,99,0,22,0,24,0,65,0,98,0,99,0,21,0,83,1,21,0,21,0
2023-12-05,2023-12-05,10,1,2023-12-05 22:16:48.486729,0:20:00,8,248,50.46388319,35.37576942,2023-12-05 22:38:27.859109,21,1,104,0,123,0,20,0,23,0,43,0,113,0,97,0,21,0,104,1,21,0,21,0
2023-12-05,2023-12-05,10,1,2023-12-05 22:16:48.486729,0:20:00,8,248,50.46388319,35.37576942,2023-12-05 22:38:32.859109,21,1,95,0,120,0,19,0,24,0,25,0,96,0,97,0,19,0,95,1,19,0,19,0
2023-12-05,2023-12-05,10,1,2023-12-05 22:16:48.486729,0:20:00,8,248,50.46388319,35.37576942,2023-12-05 22:38:37.859109,21,1,102,0,123,0,25,0,25,0,25,0,103,0,102,0,25,0,102,1,41,0,25,0
2023-12-05,2023-12-05,10,1,2023-12-05 22:16:48.486729,0:20:00,8,248,50.46388319,35.37576942,2023-12-05 22:38:42.859109,21,1,98,0,66,0,21,0,40,0,21,0,100,0,98,0,21,0,98,1,21,0,21,0
2023-12-05,2023-12-05,10,1,2023-12-05 22:16:48.486729,0:20:00,8,248,50.46388319,35.37576942,2023-12-05 22:38:47.859109,21,1,100,0,25,0,24,0,27,0,24,0,102,0,103,0,40,0,100,1,24,0,42,0
2023-12-05,2023-12-05,10,1,2023-12-05 22:16:48.486729,0:20:00,8,248,50.46388319,35.37576942,2023-12-05 22:38:52.859109,22,1,120,0,28,0,43,0,28,0,69,0,101,0,117,0,26,0,120,1,29,0,26,0
2023-12-05,2023-12-05,10,1,2023-12-05 22:16:48.486729,0:20:00,8,248,50.46388319,35.37576942,2023-12-05 22:38:57.859109,22,1,102,0,20,0,20,0,21,0,34,0,95,0,97,0,20,0,102,1,16,0,19,0
2023-12-05,2023-12-05,10,1,2023-12-05 22:16:48.486729,0:20:00,8,248,50.46388319,35.37576942,2023-12-05 22:39:02.859109,22,1,90,0,27,0,16,0,22,0,18,0,96,0,96,0,17,0,90,1,18,0,19,0
2023-12-05,2023-12-05,10,1,2023-12-05 22:16:48.486729,0:20:00,8,248,50.46388319,35.37576942,2023-12-05 22:39:07.859109,22,1,100,0,62,0,22,0,24,0,61,0,101,0,98,0,22,0,100,1,22,0,22,0
2023-12-05,2023-12-05,10,1,2023-12-05 22:16:48.486729,0:20:00,8,248,50.46388319,35.37576942,2023-12-05 22:39:12.859109,22,1,98,0,27,0,21,0,24,0,28,0,113,0,100,0,21,0,98,1,21,0,21,0
2023-12-05,2023-12-05,10,1,2023-12-05 22:16:48.486729,0:20:00,8,248,50.46388319,35.37576942,2023-12-05 22:39:17.859109,22,1,97,0,21,0,21,0,23,0,21,0,98,0,101,0,21,0,97,1,23,0,38,0
2023-12-05,2023-12-05,10,1,2023-12-05 22:16:48.486729,0:20:00,8,248,50.46388319,35.37576942,2023-12-05 22:39:22.859109,23,1,97,0,20,0,20,0,23,0,20,0,98,0,95,0,21,0,97,1,18,0,20,0
2023-12-05,2023-12-05,10,1,2023-12-05 22:16:48.486729,0:20:00,8,248,50.46388319,35.37576942,2023-12-05 22:39:27.859109,23,1,120,0,42,0,25,0,27,0,25,0,102,0,102,0,25,0,120,1,41,0,25,0
2023-12-05,2023-12-05,10,1,2023-12-05 22:16:48.486729,0:20:00,8,248,50.46388319,35.37576942,2023-12-05 22:39:32.859109,23,1,104,0,52,0,24,0,43,0,25,0,103,0,101,0,26,0,104,1,24,0,27,0
2023-12-05,2023-12-05,10,1,2023-12-05 22:16:48.486729,0:20:00,8,248,50.46388319,35.37576942,2023-12-05 22:39:37.859109,23,0,97,0,51,0,24,0,23,0,20,0,99,0,115,0,25,0,97,1,21,0,20,0
2023-12-05,2023-12-05,10,1,2023-12-05 22:16:48.486729,0:20:00,8,248,50.46388319,35.37576942,2023-12-05 22:39:42.859109,23,0,50,0,43,0,39,0,26,0,23,0,99,0,100,0,39,0,50,1,23,0,23,0
2023-12-05,2023-12-05,10,1,2023-12-05 22:16:48.486729,0:20:00,8,248,50.46388319,35.37576942,2023-12-05 22:39:47.859109,23,0,22,0,80,0,22,0,25,0,22,0,99,0,100,0,22,0,22,1,22,0,39,0
2023-12-05,2023-12-05,10,1,2023-12-05 22:16:48.486729,0:20:00,8,248,50.46388319,35.37576942,2023-12-05 22:39:52.859109,0,0,22,0,43,0,22,0,24,0,38,0,98,0,99,0,22,0,22,1,22,0,22,0
2023-12-05,2023-12-05,10,1,2023-12-05 22:16:48.486729,0:20:00,8,248,50.46388319,35.37576942,2023-12-05 22:39:57.859109,0,0,21,0,26,0,21,0,24,0,21,0,114,0,99,0,21,0,21,1,21,0,21,0
2023-12-05,2023-12-05,10,1,2023-12-05 22:16:48.486729,0:20:00,8,248,50.46388319,35.37576942,2023-12-05 22:40:02.859109,0,0,39,0,23,0,23,0,25,0,45,0,101,0,100,0,23,0,39,1,23,0,23,0
2023-12-05,2023-12-05,10,1,2023-12-05 22:16:48.486729,0:20:00,8,248,50.46388319,35.37576942,2023-12-05 22:40:07.859109,0,0,21,0,21,0,37,0,24,0,29,0,100,0,97,0,21,0,21,1,21,0,22,0
2023-12-05,2023-12-05,10,1,2023-12-05 22:16:48.486729,0:20:00,8,248,50.46388319,35.37576942,2023-12-05 22:40:12.859109,0,0,19,0,20,0,19,0,21,0,19,0,97,0,96,0,19,0,19,1,19,0,20,0
2023-12-05,2023-12-05,10,1,2023-12-05 22:16:48.486729,0:20:00,8,248,50.46388319,35.37576942,2023-12-05 22:40:17.859109,0,0,25,0,41,0,25,0,28,0,25,0,102,0,103,0,25,0,25,1,41,0,41,0
2023-12-05,2023-12-05,10,1,2023-12-05 22:16:48.486729,0:20:00,8,248,50.46388319,35.37576942,2023-12-05 22:40:22.859109,1,0,23,0,43,0,23,0,41,0,23,0,99,0,118,0,23,0,23,1,23,0,23,0
2023-12-05,2023-12-05,10,1,2023-12-05 22:16:48.486729,0:20:00,8,248,50.46388319,35.37576942,2023-12-05 22:40:27.859109,1,0,20,0,28,0,20,0,23,0,41,0,97,0,97,0,20,0,20,1,20,0,22,0
2023-12-05,2023-12-05,10,1,2023-12-05 22:16:48.486729,0:20:00,8,248,50.46388319,35.37576942,2023-12-05 22:40:32.859109,1,0,24,0,21,0,37,0,23,0,30,0,97,0,97,0,21,0,24,1,21,0,25,0
2023-12-05,2023-12-05,10,1,2023-12-05 22:16:48.486729,0:20:00,8,248,50.46388319,35.37576942,2023-12-05 22:40:37.859109,1,0,44,0,35,0,25,0,28,0,69,0,103,0,102,0,41,0,44,1,25,0,25,0
2023-12-05,2023-12-05,10,1,2023-12-05 22:16:48.486729,0:20:00,8,248,50.46388319,35.37576942,2023-12-05 22:40:42.859109,1,0,15,0,53,0,21,0,23,0,49,0,116,0,101,0,21,0,15,1,21,0,22,0
2023-12-05,2023-12-05,10,1,2023-12-05 22:16:48.486729,0:20:00,8,248,50.46388319,35.37576942,2023-12-05 22:40:47.859109,1,0,25,0,66,0,23,0,25,0,22,0,99,0,101,0,22,0,25,1,22,0,39,0
2023-12-05,2023-12-05,10,1,2023-12-05 22:16:48.486729,0:20:00,8,248,50.46388319,35.37576942,2023-12-05 22:40:52.859109,2,0,21,0,41,0,21,0,39,0,21,0,97,0,97,0,21,0,21,1,21,0,21,0
2023-12-05,2023-12-05,10,1,2023-12-05 22:16:48.486729,0:20:00,8,248,50.46388319,35.37576942,2023-12-05 22:40:57.859109,2,0,22,0,44,0,38,0,25,0,22,0,100,0,99,0,22,0,22,1,22,0,22,0
2023-12-05,2023-12-05,10,1,2023-12-05 22:16:48.486729,0:20:00,8,248,50.46388319,35.37576942,2023-12-05 22:41:02.859109,2,0,19,0,51,0,19,0,21,0,19,0,96,0,97,0,19,0,19,1,19,0,20,0
2023-12-05,2023-12-05,10,1,2023-12-05 22:16:48.486729,0:20:00,8,248,50.46388319,35.37576942,2023-12-05 22:41:07.859109,2,0,25,0,41,0,25,0,28,0,47,0,104,0,117,0,25,0,25,1,41,0,25,0
2023-12-05,2023-12-05,10,1,2023-12-05 22:16:48.486729,0:20:00,8,248,50.46388319,35.37576942,2023-12-05 22:41:12.859109,2,0,37,0,21,0,21,0,23,0,29,0,97,0,98,0,21,0,37,1,21,0,21,0
2023-12-05,2023-12-05,10,1,2023-12-05 22:16:48.486729,0:20:00,8,248,50.46388319,35.37576942,2023-12-05 22:41:17.859109,2,0,24,0,33,0,21,0,24,0,21,0,99,0,100,0,21,0,24,1,21,0,39,0
2023-12-05,2023-12-05,10,1,2023-12-05 22:16:48.486729,0:20:00,8,248,50.46388319,35.37576942,2023-12-05 22:41:22.859109,3,0,25,0,52,0,41,0,43,0,41,0,102,0,104,0,25,0,25,1,25,0,26,0
2023-12-05,2023-12-05,10,1,2023-12-05 22:16:48.486729,0:20:00,8,248,50.46388319,35.37576942,2023-12-05 22:41:27.859109,3,0,19,0,40,0,19,0,22,0,19,0,95,0,95,0,19,0,19,1,19,0,19,0
2023-12-05,2023-12-05,10,1,2023-12-05 22:16:48.486729,0:20:00,8,248,50.46388319,35.37576942,2023-12-05 22:41:32.859109,3,0,23,0,23,0,23,0,25,0,23,0,119,0,99,0,39,0,23,1,23,0,23,0
2023-12-05,2023-12-05,10,1,2023-12-05 22:16:48.486729,0:20:00,8,248,50.46388319,35.37576942,2023-12-05 22:41:37.859109,3,0,19,0,19,0,19,0,22,0,21,0,96,0,97,0,19,0,19,1,19,0,20,0
2023-12-05,2023-12-05,10,1,2023-12-05 22:16:48.486729,0:20:00,8,248,50.46388319,35.37576942,2023-12-05 22:41:42.859109,3,0,19,0,45,0,19,0,21,0,21,0,97,0,96,0,19,0,19,1,19,0,19,0
2023-12-05,2023-12-05,10,1,2023-12-05 22:16:48.486729,0:20:00,8,248,50.46388319,35.37576942,2023-12-05 22:41:47.859109,3,0,24,0,44,0,40,0,27,0,24,0,101,0,106,0,24,0,24,1,24,0,40,0
2023-12-05,2023-12-05,10,1,2023-12-05 22:16:48.486729,0:20:00,8,248,50.46388319,35.37576942,2023-12-05 22:41:52.859109,4,0,23,0,31,0,23,0,41,0,23,0,100,0,116,0,23,0,23,1,23,0,25,0
2023-12-05,2023-12-05,10,1,2023-12-05 22:16:48.486729,0:20:00,8,248,50.46388319,35.37576942,2023-12-05 22:41:57.859109,4,0,41,0,61,0,25,0,28,0,25,0,101,0,102,0,25,0,41,1,41,0,25,0
2023-12-05,2023-12-05,10,1,2023-12-05 22:16:48.486729,0:20:00,8,248,50.46388319,35.37576942,2023-12-05 22:42:02.859109,4,0,19,0,47,0,19,0,21,0,19,0,98,0,95,0,19,0,19,1,19,0,19,0
2023-12-05,2023-12-05,10,1,2023-12-05 22:16:48.486729,0:20:00,8,248,50.46388319,35.37576942,2023-12-05 22:42:07.859109,4,0,24,0,60,0,24,0,27,0,40,0,103,0,101,0,24,0,24,1,24,0,25,0
2023-12-05,2023-12-05,10,1,2023-12-05 22:16:48.486729,0:20:00,8,248,50.46388319,35.37576942,2023-12-05 22:42:12.859109,4,0,25,0,47,0,41,0,27,0,25,0,101,0,104,0,41,0,25,1,25,0,25,0
2023-12-05,2023-12-05,10,1,2023-12-05 22:16:48.486729,0:20:00,8,248,50.46388319,35.37576942,2023-12-05 22:42:17.859109,4,0,23,0,25,0,99,0,26,0,45,0,100,0,106,0,23,0,23,1,23,0,40,0
2023-12-05,2023-12-05,10,1,2023-12-05 22:16:48.486729,0:20:00,8,248,50.46388319,35.37576942,2023-12-05 22:42:22.859109,5,0,25,0,25,0,107,0,43,0,46,0,119,0,118,0,25,0,25,1,25,0,25,0
2023-12-05,2023-12-05,10,1,2023-12-05 22:16:48.486729,0:20:00,8,248,50.46388319,35.37576942,2023-12-05 22:42:27.859109,5,0,22,0,22,0,30,0,25,0,45,0,99,0,98,0,22,0,22,1,23,0,25,0
2023-12-05,2023-12-05,10,1,2023-12-05 22:16:48.486729,0:20:00,8,248,50.46388319,35.37576942,2023-12-05 22:42:32.859109,5,0,19,0,19,0,19,0,21,0,26,0,99,0,99,0,19,0,19,1,19,0,22,0
2023-12-05,2023-12-05,10,1,2023-12-05 22:16:48.486729,0:20:00,8,248,50.46388319,35.37576942,2023-12-05 22:42:37.859109,5,0,24,0,24,0,40,0,27,0,40,0,101,0,100,0,25,0,24,1,24,0,25,0
2023-12-05,2023-12-05,10,1,2023-12-05 22:16:48.486729,0:20:00,8,248,50.46388319,35.37576942,2023-12-05 22:42:42.859109,5,0,19,0,30,0,19,0,21,0,19,0,95,0,100,0,19,0,19,1,19,0,19,0
2023-12-05,2023-12-05,10,1,2023-12-05 22:16:48.486729,0:20:00,8,248,50.46388319,35.37576942,2023-12-05 22:42:47.859109,5,0,44,0,49,0,28,0,31,0,29,0,105,0,107,0,28,0,44,1,44,0,44,0
2023-12-05,2023-12-05,10,1,2023-12-05 22:16:48.486729,0:20:00,8,248,50.46388319,35.37576942,2023-12-05 22:42:52.859109,6,0,29,0,58,0,25,0,44,0,26,0,101,0,118,0,41,0,29,1,103,0,25,0
2023-12-05,2023-12-05,10,1,2023-12-05 22:16:48.486729,0:20:00,8,248,50.46388319,35.37576942,2023-12-05 22:42:57.859109,6,0,16,0,41,0,20,0,22,0,19,0,97,0,96,0,20,0,16,1,102,0,20,0
2023-12-05,2023-12-05,10,1,2023-12-05 22:16:48.486729,0:20:00,8,248,50.46388319,35.37576942,2023-12-05 22:43:02.859109,6,0,21,0,21,0,37,0,24,0,21,0,102,0,98,0,21,0,21,1,98,0,21,0
2023-12-05,2023-12-05,10,1,2023-12-05 22:16:48.486729,0:20:00,8,248,50.46388319,35.37576942,2023-12-05 22:43:07.859109,6,0,22,0,23,0,22,0,24,0,38,0,99,0,103,0,22,0,22,1,99,0,22,0
2023-12-05,2023-12-05,10,1,2023-12-05 22:16:48.486729,0:20:00,8,248,50.46388319,35.37576942,2023-12-05 22:43:12.859109,6,0,21,0,80,0,21,0,24,0,22,0,100,0,98,0,21,0,21,1,98,0,22,0
2023-12-05,2023-12-05,10,1,2023-12-05 22:16:48.486729,0:20:00,8,248,50.46388319,35.37576942,2023-12-05 22:43:17.859109,6,0,26,0,71,0,27,0,28,0,28,0,118,0,120,0,26,0,26,1,32,0,43,0
2023-12-05,2023-12-05,10,1,2023-12-05 22:16:48.486729,0:20:00,8,248,50.46388319,35.37576942,2023-12-05 22:43:22.859109,7,0,24,0,61,0,23,0,43,0,47,0,101,0,101,0,24,0,24,1,24,0,25,0
2023-12-05,2023-12-05,10,1,2023-12-05 22:16:48.486729,0:20:00,8,248,50.46388319,35.37576942,2023-12-05 22:43:27.859109,7,0,23,0,63,0,39,0,25,0,31,0,101,0,93,0,23,0,23,1,23,0,25,0
2023-12-05,2023-12-05,10,1,2023-12-05 22:16:48.486729,0:20:00,8,248,50.46388319,35.37576942,2023-12-05 22:43:32.859109,7,0,39,0,24,0,23,0,26,0,103,0,102,0,98,0,39,0,39,1,23,0,23,0
2023-12-05,2023-12-05,10,1,2023-12-05 22:16:48.486729,0:20:00,8,248,50.46388319,35.37576942,2023-12-05 22:43:37.859109,7,0,23,0,23,0,23,0,25,0,122,0,99,0,104,0,23,0,23,1,39,0,23,0
2023-12-05,2023-12-05,10,1,2023-12-05 22:16:48.486729,0:20:00,8,248,50.46388319,35.37576942,2023-12-05 22:43:42.859109,7,0,19,0,19,0,19,0,22,0,95,0,96,0,95,0,19,0,19,1,19,0,19,0
2023-12-05,2023-12-05,10,1,2023-12-05 22:16:48.486729,0:20:00,8,248,50.46388319,35.37576942,2023-12-05 22:43:47.859109,7,0,24,0,24,0,24,0,26,0,28,0,100,0,119,0,24,0,24,1,24,0,41,0
2023-12-05,2023-12-05,10,1,2023-12-05 22:16:48.486729,0:20:00,8,248,50.46388319,35.37576942,2023-12-05 22:43:52.859109,8,0,23,0,49,0,39,0,42,0,103,0,103,0,30,0,23,0,23,1,23,0,24,0
2023-12-05,2023-12-05,10,1,2023-12-05 22:16:48.486729,0:20:00,8,248,50.46388319,35.37576942,2023-12-05 22:43:57.859109,8,0,20,0,21,0,19,0,102,0,98,0,99,0,19,0,20,0,20,1,19,0,21,0
2023-12-05,2023-12-05,10,1,2023-12-05 22:16:48.486729,0:20:00,8,248,50.46388319,35.37576942,2023-12-05 22:44:02.859109,8,0,18,0,19,0,19,0,29,0,100,0,96,0,101,0,18,0,18,1,19,0,18,0
2023-12-05,2023-12-05,10,1,2023-12-05 22:16:48.486729,0:20:00,8,248,50.46388319,35.37576942,2023-12-05 22:44:07.859109,8,1,25,0,41,0,24,0,26,0,120,0,102,0,32,0,24,0,25,1,24,0,24,0
2023-12-05,2023-12-05,10,1,2023-12-05 22:16:48.486729,0:20:00,8,248,50.46388319,35.37576942,2023-12-05 22:44:12.859109,8,1,108,0,47,0,26,0,29,0,102,0,120,0,127,0,42,0,108,1,26,0,26,0
2023-12-05,2023-12-05,10,1,2023-12-05 22:16:48.486729,0:20:00,8,248,50.46388319,35.37576942,2023-12-05 22:44:17.859109,8,1,125,0,56,0,42,0,28,0,57,0,101,0,29,0,26,0,125,1,25,0,43,0
2023-12-05,2023-12-05,10,1,2023-12-05 22:16:48.486729,0:20:00,8,248,50.46388319,35.37576942,2023-12-05 22:44:22.859109,9,1,99,0,23,0,21,0,39,0,105,0,99,0,19,0,20,0,99,1,21,0,20,0
2023-12-05,2023-12-05,10,1,2023-12-05 22:16:48.486729,0:20:00,8,248,50.46388319,35.37576942,2023-12-05 22:44:27.859109,9,1,98,0,47,0,103,0,23,0,101,0,98,0,21,0,24,0,98,1,37,0,20,0
2023-12-05,2023-12-05,10,1,2023-12-05 22:16:48.486729,0:20:00,8,248,50.46388319,35.37576942,2023-12-05 22:44:32.859109,9,1,92,0,45,0,100,0,22,0,124,0,97,0,20,0,17,0,92,1,19,0,20,0
2023-12-05,2023-12-05,10,1,2023-12-05 22:16:48.486729,0:20:00,8,248,50.46388319,35.37576942,2023-12-05 22:44:37.859109,9,1,99,0,21,0,100,0,24,0,115,0,99,0,22,0,22,0,99,1,21,0,22,0
2023-12-05,2023-12-05,10,1,2023-12-05 22:16:48.486729,0:20:00,8,248,50.46388319,35.37576942,2023-12-05 22:44:42.859109,9,1,100,0,24,0,117,0,26,0,99,0,99,0,121,0,22,0,100,1,24,0,107,0
2023-12-05,2023-12-05,10,1,2023-12-05 22:16:48.486729,0:20:00,8,248,50.46388319,35.37576942,2023-12-05 22:44:47.859109,9,0,102,0,74,0,26,0,25,0,27,0,99,0,108,0,23,0,102,1,23,0,122,0
2023-12-05,2023-12-05,10,1,2023-12-05 22:16:48.486729,0:20:00,8,248,50.46388319,35.37576942,2023-12-05 22:44:52.859109,10,1,98,0,53,0,23,0,42,0,105,0,102,0,26,0,39,0,98,1,23,0,100,0
2023-12-05,2023-12-05,10,1,2023-12-05 22:16:48.486729,0:20:00,8,248,50.46388319,35.37576942,2023-12-05 22:44:57.859109,10,1,98,0,26,0,19,0,22,0,99,0,97,0,19,0,19,0,98,1,19,0,22,0
2023-12-05,2023-12-05,10,1,2023-12-05 22:16:48.486729,0:20:00,8,248,50.46388319,35.37576942,2023-12-05 22:45:02.859109,10,1,113,0,44,0,21,0,23,0,99,0,100,0,22,0,21,0,113,1,21,0,103,0
2023-12-05,2023-12-05,10,1,2023-12-05 22:16:48.486729,0:20:00,8,248,50.46388319,35.37576942,2023-12-05 22:45:07.859109,10,0,32,0,41,0,23,0,27,0,41,0,115,0,24,0,105,0,32,1,23,0,100,0
2023-12-05,2023-12-05,10,1,2023-12-05 22:16:48.486729,0:20:00,8,248,50.46388319,35.37576942,2023-12-05 22:45:12.859109,10,1,22,0,29,0,22,0,22,0,21,0,97,0,36,0,103,0,22,1,22,0,100,0
2023-12-05,2023-12-05,10,1,2023-12-05 22:16:48.486729,0:20:00,8,248,50.46388319,35.37576942,2023-12-05 22:45:17.859109,10,1,106,0,25,0,22,0,36,0,25,0,102,0,22,0,26,0,106,1,122,0,45,0
2023-12-05,2023-12-05,10,1,2023-12-05 22:16:48.486729,0:20:00,8,248,50.46388319,35.37576942,2023-12-05 22:45:22.859109,11,1,99,0,50,0,25,0,29,0,25,0,97,0,21,0,23,0,99,1,103,0,22,0
2023-12-05,2023-12-05,10,1,2023-12-05 22:16:48.486729,0:20:00,8,248,50.46388319,35.37576942,2023-12-05 22:45:27.859109,11,1,100,0,63,0,17,0,25,0,21,0,97,0,21,0,101,0,100,1,97,0,23,0
2023-12-05,2023-12-05,10,1,2023-12-05 22:16:48.486729,0:20:00,8,248,50.46388319,35.37576942,2023-12-05 22:45:32.859109,11,1,100,0,30,0,39,0,28,0,105,0,101,0,24,0,38,0,100,1,101,0,23,0
2023-12-05,2023-12-05,10,1,2023-12-05 22:16:48.486729,0:20:00,8,248,50.46388319,35.37576942,2023-12-05 22:45:37.859109,11,0,96,0,21,0,105,0,22,0,65,0,98,0,20,0,21,0,96,1,95,0,21,0
2023-12-05,2023-12-05,10,1,2023-12-05 22:16:48.486729,0:20:00,8,248,50.46388319,35.37576942,2023-12-05 22:45:42.859109,11,1,98,0,64,0,25,0,24,0,27,0,99,0,120,0,21,0,98,1,96,0,21,0
2023-12-05,2023-12-05,10,1,2023-12-05 22:16:48.486729,0:20:00,8,248,50.46388319,35.37576942,2023-12-05 22:45:47.859109,11,1,117,0,32,0,24,0,29,0,26,0,102,0,105,0,24,0,117,1,103,0,40,0
2023-12-05,2023-12-05,10,1,2023-12-05 22:16:48.486729,0:20:00,8,248,50.46388319,35.37576942,2023-12-05 22:45:52.859109,12,1,98,0,21,0,22,0,40,0,41,0,98,0,97,0,21,0,98,1,99,0,21,0
2023-12-05,2023-12-05,10,1,2023-12-05 22:16:48.486729,0:20:00,8,248,50.46388319,35.37576942,2023-12-05 22:45:57.859109,12,1,97,0,39,0,100,0,18,0,25,0,95,0,22,0,19,0,97,1,96,0,101,0
2023-12-05,2023-12-05,10,1,2023-12-05 22:16:48.486729,0:20:00,8,248,50.46388319,35.37576942,2023-12-05 22:46:02.859109,12,1,97,0,27,0,97,0,24,0,49,0,115,0,103,0,21,0,97,1,105,0,104,0
2023-12-05,2023-12-05,10,1,2023-12-05 22:16:48.486729,0:20:00,8,248,50.46388319,35.37576942,2023-12-05 22:46:07.859109,12,1,104,0,41,0,105,0,27,0,43,0,102,0,25,0,25,0,104,1,114,0,102,0
2023-12-05,2023-12-05,10,1,2023-12-05 22:16:48.486729,0:20:00,8,248,50.46388319,35.37576942,2023-12-05 22:46:12.859109,12,0,30,0,46,0,27,0,28,0,109,0,102,0,40,0,40,0,30,1,101,0,103,0
2023-12-05,2023-12-05,10,1,2023-12-05 22:16:48.486729,0:20:00,8,248,50.46388319,35.37576942,2023-12-05 22:46:17.859109,12,0,21,0,30,0,24,0,105,0,100,0,98,0,21,0,21,0,21,1,31,0,112,0
2023-12-05,2023-12-05,10,1,2023-12-05 22:16:48.486729,0:20:00,8,248,50.46388319,35.37576942,2023-12-05 22:46:22.859109,13,0,24,0,50,0,120,0,124,0,26,0,101,0,24,0,26,0,24,1,27,0,104,0
2023-12-05,2023-12-05,10,1,2023-12-05 22:16:48.486729,0:20:00,8,248,50.46388319,35.37576942,2023-12-05 22:46:27.859109,13,0,21,0,21,0,99,0,25,0,21,0,112,0,24,0,19,0,21,1,20,0,101,0
2023-12-05,2023-12-05,10,1,2023-12-05 22:16:48.486729,0:20:00,8,248,50.46388319,35.37576942,2023-12-05 22:46:32.859109,13,1,37,0,21,0,100,0,24,0,21,0,99,0,24,0,21,0,37,1,103,0,101,0
2023-12-05,2023-12-05,10,1,2023-12-05 22:16:48.486729,0:20:00,8,248,50.46388319,35.37576942,2023-12-05 22:46:37.859109,13,1,197,0,115,0,190,0,117,0,131,0,194,0,117,0,116,0,197,1,193,0,191,0
2023-12-05,2023-12-05,10,1,2023-12-05 22:16:48.486729,0:20:00,8,248,50.46388319,35.37576942,2023-12-05 22:46:42.859109,13,1,145,0,81,0,141,0,68,0,65,0,141,0,145,0,64,0,145,1,142,0,141,0
2023-12-05,2023-12-05,10,1,2023-12-05 22:16:48.486729,0:20:00,8,248,50.46388319,35.37576942,2023-12-05 22:46:47.859109,13,0,100,0,71,0,102,0,26,0,46,0,100,0,106,0,106,0,100,1,99,0,116,0
2023-12-05,2023-12-05,10,1,2023-12-05 22:16:48.486729,0:20:00,8,248,50.46388319,35.37576942,2023-12-05 22:46:52.859109,14,1,105,0,76,0,103,0,46,0,33,0,119,0,45,0,125,0,105,1,105,0,106,0
2023-12-05,2023-12-05,10,1,2023-12-05 22:16:48.486729,0:20:00,8,248,50.46388319,35.37576942,2023-12-05 22:46:57.859109,14,1,98,0,54,0,99,0,23,0,21,0,99,0,21,0,98,0,98,1,114,0,98,0
2023-12-05,2023-12-05,10,1,2023-12-05 22:16:48.486729,0:20:00,8,248,50.46388319,35.37576942,2023-12-05 22:47:02.859109,14,1,96,0,26,0,97,0,23,0,102,0,101,0,102,0,22,0,96,1,23,0,98,0
2023-12-05,2023-12-05,10,1,2023-12-05 22:16:48.486729,0:20:00,8,248,50.46388319,35.37576942,2023-12-05 22:47:07.859109,14,1,99,0,35,0,26,0,23,0,119,0,98,0,21,0,21,0,99,1,21,0,98,0
2023-12-05,2023-12-05,10,1,2023-12-05 22:16:48.486729,0:20:00,8,248,50.46388319,35.37576942,2023-12-05 22:47:12.859109,14,1,118,0,31,0,40,0,27,0,100,0,100,0,24,0,24,0,118,1,24,0,101,0
2023-12-05,2023-12-05,10,1,2023-12-05 22:16:48.486729,0:20:00,8,248,50.46388319,35.37576942,2023-12-05 22:47:17.859109,14,1,105,0,32,0,23,0,25,0,26,0,115,0,23,0,24,0,105,1,23,0,120,0
2023-12-05,2023-12-05,10,1,2023-12-05 22:16:48.486729,0:20:00,8,248,50.46388319,35.37576942,2023-12-05 22:47:22.859109,15,1,101,0,42,0,103,0,40,0,103,0,97,0,21,0,105,0,101,1,22,0,98,0
2023-12-05,2023-12-05,10,1,2023-12-05 22:16:48.486729,0:20:00,8,248,50.46388319,35.37576942,2023-12-05 22:47:27.859109,15,1,92,0,43,0,101,0,23,0,99,0,100,0,21,0,98,0,92,1,20,0,98,0
2023-12-05,2023-12-05,10,1,2023-12-05 22:16:48.486729,0:20:00,8,248,50.46388319,35.37576942,2023-12-05 22:47:32.859109,15,1,101,0,25,0,101,0,31,0,117,0,103,0,41,0,43,0,101,1,25,0,104,0
2023-12-05,2023-12-05,10,1,2023-12-05 22:16:48.486729,0:20:00,8,248,50.46388319,35.37576942,2023-12-05 22:47:37.859109,15,1,102,0,26,0,98,0,22,0,99,0,96,0,20,0,20,0,102,1,20,0,96,0
2023-12-05,2023-12-05,10,1,2023-12-05 22:16:48.486729,0:20:00,8,248,50.46388319,35.37576942,2023-12-05 22:47:42.859109,15,1,0,0,0,0,100,0,27,0,49,0,117,0,105,0,0,0,0,1,26,0,102,0
2023-12-05,2023-12-05,10,1,2023-12-05 22:16:48.486729,0:20:00,8,248,50.46388319,35.37576942,2023-12-05 22:47:47.859109,15,1,101,0,46,0,101,0,0,0,0,0,0,0,31,0,24,0,101,1,0,0,118,0
2023-12-05,2023-12-05,10,1,2023-12-05 22:16:48.486729,0:20:00,8,248,50.46388319,35.37576942,2023-12-05 22:47:52.859109,16,1,98,0,27,0,0,0,26,0,51,0,100,0,0,0,24,0,98,1,39,0,0,0
2023-12-05,2023-12-05,10,1,2023-12-05 22:16:48.486729,0:20:00,8,248,50.46388319,35.37576942,2023-12-05 22:47:57.859109,16,1,116,0,20,0,101,0,42,0,125,0,105,0,105,0,23,0,116,1,22,0,99,0
2023-12-05,2023-12-05,10,1,2023-12-05 22:16:48.486729,0:20:00,8,248,50.46388319,35.37576942,2023-12-05 22:48:02.859109,16,1,98,0,84,0,99,0,24,0,132,0,107,0,21,0,21,0,98,1,21,0,100,0
2023-12-05,2023-12-05,10,1,2023-12-05 22:16:48.486729,0:20:00,8,248,50.46388319,35.37576942,2023-12-05 22:48:07.859109,16,1,98,0,64,0,114,0,23,0,97,0,92,0,21,0,21,0,98,1,103,0,99,0
2023-12-05,2023-12-05,10,1,2023-12-05 22:16:48.486729,0:20:00,8,248,50.46388319,35.37576942,2023-12-05 22:48:12.859109,16,1,98,0,39,0,99,0,26,0,30,0,116,0,23,0,23,0,98,1,29,0,101,0
2023-12-05,2023-12-05,10,1,2023-12-05 22:16:48.486729,0:20:00,8,248,50.46388319,35.37576942,2023-12-05 22:48:17.859109,16,1,102,0,23,0,102,0,25,0,104,0,98,0,121,0,39,0,102,1,23,0,103,0
2023-12-05,2023-12-05,10,1,2023-12-05 22:16:48.486729,0:20:00,8,248,50.46388319,35.37576942,2023-12-05 22:48:22.859109,17,1,99,0,41,0,97,0,24,0,98,0,99,0,23,0,21,0,99,1,21,0,113,0
2023-12-05,2023-12-05,10,1,2023-12-05 22:16:48.486729,0:20:00,8,248,50.46388319,35.37576942,2023-12-05 22:48:27.859109,17,1,103,0,35,0,99,0,41,0,114,0,99,0,23,0,23,0,103,1,23,0,99,0
2023-12-05,2023-12-05,10,1,2023-12-05 22:16:48.486729,0:20:00,8,248,50.46388319,35.37576942,2023-12-05 22:48:32.859109,17,0,97,0,17,0,100,0,23,0,96,0,96,0,19,0,19,0,97,1,19,0,98,0
2023-12-05,2023-12-05,10,1,2023-12-05 22:16:48.486729,0:20:00,8,248,50.46388319,35.37576942,2023-12-05 22:48:37.859109,17,0,51,0,20,0,99,0,25,0,25,0,117,0,23,0,23,0,51,1,23,0,101,0
2023-12-05,2023-12-05,10,1,2023-12-05 22:16:48.486729,0:20:00,8,248,50.46388319,35.37576942,2023-12-05 22:48:42.859109,17,0,23,0,40,0,102,0,27,0,106,0,100,0,25,0,24,0,23,1,40,0,103,0
2023-12-05,2023-12-05,10,1,2023-12-05 22:16:48.486729,0:20:00,8,248,50.46388319,35.37576942,2023-12-05 22:48:47.859109,17,0,19,0,42,0,95,0,21,0,99,0,100,0,18,0,19,0,19,1,19,0,95,0
2023-12-05,2023-12-05,10,1,2023-12-05 22:16:48.486729,0:20:00,8,248,50.46388319,35.37576942,2023-12-05 22:48:52.859109,18,0,24,0,30,0,100,0,27,0,119,0,100,0,24,0,30,0,24,1,24,0,116,0
2023-12-05,2023-12-05,10,1,2023-12-05 22:16:48.486729,0:20:00,8,248,50.46388319,35.37576942,2023-12-05 22:48:57.859109,18,0,31,0,29,0,119,0,45,0,103,0,104,0,43,0,44,0,31,1,27,0,104,0
2023-12-05,2023-12-05,10,1,2023-12-05 22:16:48.486729,0:20:00,8,248,50.46388319,35.37576942,2023-12-05 22:49:02.859109,18,0,17,0,21,0,102,0,24,0,97,0,113,0,21,0,20,0,17,1,21,0,99,0
2023-12-05,2023-12-05,10,1,2023-12-05 22:16:48.486729,0:20:00,8,248,50.46388319,35.37576942,2023-12-05 22:49:07.859109,18,0,19,0,61,0,94,0,21,0,47,0,96,0,22,0,18,0,19,1,19,0,97,0
2023-12-05,2023-12-05,10,1,2023-12-05 22:16:48.486729,0:20:00,8,248,50.46388319,35.37576942,2023-12-05 22:49:12.859109,18,0,22,0,76,0,36,0,25,0,109,0,100,0,103,0,20,0,22,1,22,0,104,0
2023-12-05,2023-12-05,10,1,2023-12-05 22:16:48.486729,0:20:00,8,248,50.46388319,35.37576942,2023-12-05 22:49:17.859109,18,1,42,0,60,0,26,0,25,0,44,0,99,0,27,0,20,0,42,1,23,0,96,0
2023-12-05,2023-12-05,10,1,2023-12-05 22:16:48.486729,0:20:00,8,248,50.46388319,35.37576942,2023-12-05 22:49:22.859109,19,1,102,0,71,0,101,0,25,0,102,0,101,0,22,0,22,0,102,1,22,0,118,0
2023-12-05,2023-12-05,10,1,2023-12-05 22:16:48.486729,0:20:00,8,248,50.46388319,35.37576942,2023-12-05 22:49:27.859109,19,1,107,0,40,0,23,0,41,0,112,0,115,0,23,0,23,0,107,1,23,0,100,0
2023-12-05,2023-12-05,10,1,2023-12-05 22:16:48.486729,0:20:00,8,248,50.46388319,35.37576942,2023-12-05 22:49:32.859109,19,1,97,0,21,0,27,0,24,0,114,0,98,0,21,0,21,0,97,1,37,0,99,0
2023-12-05,2023-12-05,10,1,2023-12-05 22:16:48.486729,0:20:00,8,248,50.46388319,35.37576942,2023-12-05 22:49:37.859109,19,1,100,0,23,0,102,0,25,0,101,0,101,0,39,0,39,0,100,1,23,0,102,0
2023-12-05,2023-12-05,10,1,2023-12-05 22:16:48.486729,0:20:00,8,248,50.46388319,35.37576942,2023-12-05 22:49:42.859109,19,1,99,0,39,0,30,0,26,0,140,0,102,0,23,0,23,0,99,1,23,0,101,0
2023-12-05,2023-12-05,10,1,2023-12-05 22:16:48.486729,0:20:00,8,248,50.46388319,35.37576942,2023-12-05 22:49:47.859109,19,1,98,0,21,0,119,0,23,0,102,0,97,0,21,0,21,0,98,1,21,0,99,0
2023-12-05,2023-12-05,10,1,2023-12-05 22:16:48.486729,0:20:00,8,248,50.46388319,35.37576942,2023-12-05 22:49:52.859109,20,1,107,0,30,0,109,0,33,0,37,0,122,0,31,0,30,0,107,1,30,0,125,0
2023-12-05,2023-12-05,10,1,2023-12-05 22:16:48.486729,0:20:00,8,248,50.46388319,35.37576942,2023-12-05 22:49:57.859109,20,1,114,0,21,0,97,0,23,0,98,0,100,0,21,0,21,0,114,1,26,0,98,0
2023-12-05,2023-12-05,10,1,2023-12-05 22:16:48.486729,0:20:00,8,248,50.46388319,35.37576942,2023-12-05 22:50:02.859109,20,1,100,0,21,0,98,0,24,0,23,0,99,0,21,0,21,0,100,1,122,0,101,0
2023-12-05,2023-12-05,10,1,2023-12-05 22:16:48.486729,0:20:00,8,248,50.46388319,35.37576942,2023-12-05 22:50:07.859109,20,1,98,0,21,0,98,0,23,0,44,0,98,0,21,0,21,0,98,1,99,0,98,0
2023-12-05,2023-12-05,10,1,2023-12-05 22:16:48.486729,0:20:00,8,248,50.46388319,35.37576942,2023-12-05 22:50:12.859109,20,1,108,0,64,0,104,0,47,0,131,0,104,0,28,0,28,0,108,1,105,0,105,0
2023-12-05,2023-12-05,10,1,2023-12-05 22:16:48.486729,0:20:00,8,248,50.46388319,35.37576942,2023-12-05 22:50:17.859109,20,1,104,0,61,0,120,0,29,0,112,0,120,0,43,0,43,0,104,1,103,0,104,0
2023-12-05,2023-12-05,10,1,2023-12-05 22:16:48.486729,0:20:00,8,248,50.46388319,35.37576942,2023-12-05 22:50:22.859109,21,1,97,0,46,0,99,0,24,0,95,0,99,0,22,0,21,0,97,1,98,0,114,0
2023-12-05,2023-12-05,10,1,2023-12-05 22:16:48.486729,0:20:00,8,248,50.46388319,35.37576942,2023-12-05 22:50:27.859109,21,1,96,0,41,0,96,0,22,0,23,0,96,0,20,0,20,0,96,1,96,0,97,0
2023-12-05,2023-12-05,10,1,2023-12-05 22:16:48.486729,0:20:00,8,248,50.46388319,35.37576942,2023-12-05 22:50:32.859109,21,1,103,0,50,0,102,0,26,0,38,0,102,0,23,0,23,0,103,1,118,0,103,0
2023-12-05,2023-12-05,10,1,2023-12-05 22:16:48.486729,0:20:00,8,248,50.46388319,35.37576942,2023-12-05 22:50:37.859109,21,1,115,0,71,0,100,0,23,0,21,0,97,0,21,0,21,0,115,1,97,0,97,0
2023-12-05,2023-12-05,10,1,2023-12-05 22:16:48.486729,0:20:00,8,248,50.46388319,35.37576942,2023-12-05 22:50:42.859109,21,1,100,0,52,0,99,0,26,0,30,0,115,0,23,0,23,0,100,1,99,0,99,0
2023-12-05,2023-12-05,10,1,2023-12-05 22:16:48.486729,0:20:00,8,248,50.46388319,35.37576942,2023-12-05 22:50:47.859109,21,1,95,0,19,0,95,0,21,0,101,0,101,0,19,0,19,0,95,1,98,0,101,0
2023-12-05,2023-12-05,10,1,2023-12-05 22:16:48.486729,0:20:00,8,248,50.46388319,35.37576942,2023-12-05 22:50:52.859109,22,1,103,0,24,0,118,0,27,0,99,0,100,0,24,0,24,0,103,1,101,0,116,0
2023-12-05,2023-12-05,10,1,2023-12-05 22:16:48.486729,0:20:00,8,248,50.46388319,35.37576942,2023-12-05 22:50:57.859109,22,1,103,0,27,0,33,0,45,0,43,0,103,0,43,0,43,0,103,1,105,0,106,0
2023-12-05,2023-12-05,10,1,2023-12-05 22:16:48.486729,0:20:00,8,248,50.46388319,35.37576942,2023-12-05 22:51:02.859109,22,1,101,0,21,0,21,0,24,0,21,0,98,0,21,0,21,0,101,1,116,0,99,0
2023-12-05,2023-12-05,10,1,2023-12-05 22:16:48.486729,0:20:00,8,248,50.46388319,35.37576942,2023-12-05 22:51:07.859109,22,1,100,0,42,0,22,0,24,0,22,0,114,0,22,0,22,0,100,1,97,0,99,0
2023-12-05,2023-12-05,10,1,2023-12-05 22:16:48.486729,0:20:00,8,248,50.46388319,35.37576942,2023-12-05 22:51:12.859109,22,1,100,0,45,0,21,0,24,0,34,0,100,0,21,0,21,0,100,1,26,0,97,0
2023-12-05,2023-12-05,10,1,2023-12-05 22:16:48.486729,0:20:00,8,248,50.46388319,35.37576942,2023-12-05 22:51:17.859109,22,1,113,0,36,0,32,0,23,0,53,0,97,0,21,0,21,0,113,1,21,0,98,0
2023-12-05,2023-12-05,10,1,2023-12-05 22:16:48.486729,0:20:00,8,248,50.46388319,35.37576942,2023-12-05 22:51:22.859109,23,1,102,0,53,0,124,0,28,0,52,0,104,0,25,0,25,0,102,1,25,0,120,0
2023-12-05,2023-12-05,10,1,2023-12-05 22:16:48.486729,0:20:00,8,248,50.46388319,35.37576942,2023-12-05 22:51:27.859109,23,1,95,0,30,0,96,0,21,0,19,0,95,0,19,0,19,0,95,1,19,0,96,0
2023-12-05,2023-12-05,10,1,2023-12-05 22:16:48.486729,0:20:00,8,248,50.46388319,35.37576942,2023-12-05 22:51:32.859109,23,1,98,0,21,0,97,0,24,0,21,0,100,0,21,0,21,0,98,1,37,0,99,0
2023-12-05,2023-12-05,10,1,2023-12-05 22:16:48.486729,0:20:00,8,248,50.46388319,35.37576942,2023-12-05 22:51:37.859109,23,1,99,0,41,0,98,0,23,0,43,0,97,0,37,0,21,0,99,1,22,0,102,0
2023-12-05,2023-12-05,10,1,2023-12-05 22:16:48.486729,0:20:00,8,248,50.46388319,35.37576942,2023-12-05 22:51:42.859109,23,1,100,0,45,0,99,0,42,0,29,0,100,0,23,0,23,0,100,1,23,0,98,0
2023-12-05,2023-12-05,10,1,2023-12-05 22:16:48.486729,0:20:00,8,248,50.46388319,35.37576942,2023-12-05 22:51:47.859109,23,1,101,0,25,0,102,0,27,0,43,0,117,0,25,0,41,0,101,1,25,0,103,0
